parcel_id,street_address,neighborhood,zoning_district,is_split_zoned,lot_area_sf,lot_width_ft,is_conforming,year_built,property_type,current_gfa_sf,current_stories,land_value,improvement_value,max_footprint_sf,max_gfa_sf,max_height_ft,available_gfa_sf,gfa_utilization_pct,development_status,gfa_source,est_value_low,est_value_high,valuation_confidence,neighborhood_imp_rate_median,neighborhood_imp_rate_low,neighborhood_imp_rate_high,neighborhood_imp_rate_sample,spot_check_result,spot_check_notes,spot_check_date
23015002,"3931 6Th St S, Arlington VA 22204",Alcova Heights,R-6,True,6874.0,46.7,False,1941.0,511-Single Family Detached,1007.0,,637400.0,153900.0,2062.2,5155.5,35,4148.5,19.532538066142955,underdeveloped,estimated_from_improvement_value,282094.7813015227,829700.0,high,152.83,136.62,169.03,12,,,
23019011,"618 S Quincy St, Arlington VA 22204",Alcova Heights,R-6,True,7150.0,65.0,True,1952.0,511-Single Family Detached,1561.0,,642300.0,238500.0,2145.0,5362.5,35,3801.5,29.10955710955711,underdeveloped,estimated_from_improvement_value,250431.12307692308,760300.0,high,152.83,136.62,169.03,12,,,
23018017,"625 S Quincy St, Arlington VA 22204",Alcova Heights,R-6,False,6880.0,66.0,True,1940.0,511-Single Family Detached,2465.0,,637500.0,376800.0,2064.0,5160.0,35,2695.0,47.77131782945737,underdeveloped,estimated_from_improvement_value,183126.81686046513,539000.0,high,152.83,136.62,169.03,12,,,
23019012,"624 S Quincy St, Arlington VA 22204",Alcova Heights,R-6,True,7150.0,64.8,True,1952.0,511-Single Family Detached,1038.0,,642300.0,158600.0,2145.0,5362.5,35,4324.5,19.356643356643357,underdeveloped,estimated_from_improvement_value,284884.75384615385,864900.0,high,152.83,136.62,169.03,12,,,
23015001,"3935 6Th St S, Arlington VA 22204",Alcova Heights,R-6,True,11183.0,81.6,True,2020.0,511-Single Family Detached,5673.0,,714900.0,867000.0,2520.0,6300.0,35,627.0,90.04761904761904,near-capacity,estimated_from_improvement_value,39132.26428571429,125400.0,high,152.83,136.62,169.03,12,confirmed,Developed single-family lot confirmed for inclusion; split-zone flag does not affect analysis,2026-02-19
23015003,"3927 6Th St S, Arlington VA 22204",Alcova Heights,R-6,True,7743.6,50.6,False,1941.0,511-Single Family Detached,2074.0,,652500.0,317000.0,2323.08,5807.7,35,3733.7,35.711210978528506,underdeveloped,estimated_from_improvement_value,230716.39160080583,746740.0,high,152.83,136.62,169.03,12,,,
23019009,"606 S Quincy St, Arlington VA 22204",Alcova Heights,R-6,True,7816.0,70.1,True,1956.0,511-Single Family Detached,1100.0,,654300.0,168100.0,2344.7999999999997,5861.999999999999,35,4761.999999999999,18.76492664619584,underdeveloped,estimated_from_improvement_value,292336.59672466735,952399.9999999998,high,152.83,136.62,169.03,12,,,
23018019,"613 S Quincy St, Arlington VA 22204",Alcova Heights,R-6,False,10352.0,66.0,True,1937.0,511-Single Family Detached,1246.0,,700000.0,190500.0,2520.0,6300.0,35,5054.0,19.77777777777778,underdeveloped,estimated_from_improvement_value,308855.5555555556,1010800.0,high,152.83,136.62,169.03,12,,,
23018020,"3920 6Th St S, Arlington VA 22204",Alcova Heights,R-6,False,6410.0,47.4,False,1962.0,511-Single Family Detached,1133.0,,629000.0,173100.0,1923.0,4807.5,35,3674.5,23.56734269370775,underdeveloped,estimated_from_improvement_value,264418.77795111807,734900.0,high,152.83,136.62,169.03,12,,,
23015030,"3527 6Th St S, Arlington VA 22204",Alcova Heights,R-6,True,8108.0,49.1,False,1932.0,511-Single Family Detached,1579.0,,659600.0,241300.0,2432.4,6081.0,35,4502.0,25.966123992764352,underdeveloped,estimated_from_improvement_value,268580.09537904954,900400.0,high,152.83,136.62,169.03,12,,,
23015029,"3529 6Th St S, Arlington VA 22204",Alcova Heights,R-6,True,8236.0,49.2,False,1936.0,511-Single Family Detached,923.0,,661900.0,141100.0,2470.7999999999997,6176.999999999999,35,5253.999999999999,14.942528735632186,underdeveloped,estimated_from_improvement_value,309647.47126436786,1050799.9999999998,high,152.83,136.62,169.03,12,,,
23015025,"3611 6Th St S, Arlington VA 22204",Alcova Heights,R-6,True,8748.0,49.1,False,1938.0,511-Single Family Detached,1556.0,,671100.0,237800.0,2520.0,6300.0,35,4744.0,24.698412698412696,underdeveloped,estimated_from_improvement_value,277941.9238095238,948800.0,high,152.83,136.62,169.03,12,,,
23015023,"3617 6Th St S, Arlington VA 22204",Alcova Heights,R-6,True,9004.0,49.2,False,1951.0,511-Single Family Detached,2194.0,,675700.0,335300.0,2520.0,6300.0,35,4106.0,34.82539682539682,underdeveloped,estimated_from_improvement_value,242211.63650793655,821200.0,high,152.83,136.62,169.03,12,,,
23015018,"3709 6Th St S, Arlington VA 22204",Alcova Heights,R-6,True,16854.0,73.7,True,1948.0,511-Single Family Detached,2905.0,,817000.0,443900.0,2520.0,6300.0,35,3395.0,46.111111111111114,underdeveloped,estimated_from_improvement_value,242149.72222222222,679000.0,high,152.83,136.62,169.03,12,,,
23015017,"3801 6Th St S, Arlington VA 22204",Alcova Heights,R-6,True,16014.0,71.5,True,1940.0,511-Single Family Detached,972.0,,801900.0,148500.0,2520.0,6300.0,35,5328.0,15.428571428571427,underdeveloped,estimated_from_improvement_value,372998.05714285723,1065600.0,high,152.83,136.62,169.03,12,,,
23016010,"3528 6Th St S, Arlington VA 22204",Alcova Heights,R-6,False,8246.0,50.6,False,1937.0,511-Single Family Detached,1328.0,,662100.0,203000.0,2473.7999999999997,6184.499999999999,35,4856.499999999999,21.473037432290408,underdeveloped,estimated_from_improvement_value,285959.8605384429,971299.9999999998,high,152.83,136.62,169.03,12,,,
23015016,"3803 6Th St S, Arlington VA 22204",Alcova Heights,R-6,True,10942.0,49.6,False,1939.0,511-Single Family Detached,4709.0,,710600.0,719700.0,2520.0,6300.0,35,1591.0,74.74603174603175,underdeveloped,estimated_from_improvement_value,98700.08412698415,318200.0,high,152.83,136.62,169.03,12,,,
23015015,"3807 6Th St S, Arlington VA 22204",Alcova Heights,R-6,True,10942.0,49.6,False,1941.0,511-Single Family Detached,1827.0,,710600.0,279200.0,2520.0,6300.0,35,4473.0,28.999999999999996,underdeveloped,estimated_from_improvement_value,277489.30000000005,894600.0,high,152.83,136.62,169.03,12,,,
23015014,"3811 6Th St S, Arlington VA 22204",Alcova Heights,R-6,True,10942.0,49.8,False,1941.0,511-Single Family Detached,1269.0,,710600.0,193900.0,2520.0,6300.0,35,5031.0,20.142857142857142,underdeveloped,estimated_from_improvement_value,312105.67142857146,1006200.0,high,152.83,136.62,169.03,12,,,
23016004,"3511 7Th St S, Arlington VA 22204",Alcova Heights,R-6,False,8246.0,49.4,False,1949.0,511-Single Family Detached,1596.0,,662100.0,243900.0,2473.7999999999997,6184.499999999999,35,4588.499999999999,25.80645161290323,underdeveloped,estimated_from_improvement_value,270179.51612903224,917699.9999999998,high,152.83,136.62,169.03,12,,,
23015013,"3815 6Th St S, Arlington VA 22204",Alcova Heights,R-6,True,10942.0,49.8,False,1952.0,511-Single Family Detached,1504.0,,710600.0,229900.0,2520.0,6300.0,35,4796.0,23.873015873015873,underdeveloped,estimated_from_improvement_value,297527.0920634921,959200.0,high,152.83,136.62,169.03,12,,,
23015012,"3819 6Th St S, Arlington VA 22204",Alcova Heights,R-6,True,10927.5,50.1,False,1955.0,511-Single Family Detached,1006.0,,710600.0,153800.0,2520.0,6300.0,35,5294.0,15.968253968253968,underdeveloped,estimated_from_improvement_value,328421.27301587304,1058800.0,high,152.83,136.62,169.03,12,,,
23016006,"3519 7Th St S, Arlington VA 22204",Alcova Heights,R-6,False,8246.0,49.2,False,1924.0,511-Single Family Detached,1731.0,,662100.0,264600.0,2473.7999999999997,6184.499999999999,35,4453.499999999999,27.98932815910745,underdeveloped,estimated_from_improvement_value,262230.46204220224,890699.9999999998,high,152.83,136.62,169.03,12,,,
23016024,"3527 7Th St S, Arlington VA 22204",Alcova Heights,R-6,False,6597.0,39.6,False,1982.0,511-Single Family Detached,1682.0,,632400.0,257000.0,1979.1,4947.75,35,3265.75,33.99525036632813,underdeveloped,estimated_from_improvement_value,229577.72017583752,653150.0,high,152.83,136.62,169.03,12,,,
23016007,"3523 7Th St S, Arlington VA 22204",Alcova Heights,R-6,False,9895.0,59.4,False,1920.0,511-Single Family Detached,1344.0,,691700.0,205400.0,2520.0,6300.0,35,4956.0,21.333333333333336,underdeveloped,estimated_from_improvement_value,299275.5333333334,991200.0,high,152.83,136.62,169.03,12,,,
23015009,"3831 6Th St S, Arlington VA 22204",Alcova Heights,R-6,False,10942.0,49.9,False,1939.0,511-Single Family Detached,783.0,,710600.0,119700.0,2520.0,6300.0,35,5517.0,12.428571428571429,underdeveloped,estimated_from_improvement_value,342255.41428571433,1103400.0,high,152.83,136.62,169.03,12,,,
23015008,"3901 6Th St S, Arlington VA 22204",Alcova Heights,R-6,True,10942.0,50.0,False,1940.0,511-Single Family Detached,1038.0,,710600.0,158600.0,2520.0,6300.0,35,5262.0,16.476190476190474,underdeveloped,estimated_from_improvement_value,326436.1047619048,1052400.0,high,152.83,136.62,169.03,12,,,
23015006,"3911 6Th St S, Arlington VA 22204",Alcova Heights,R-6,True,7702.4,64.1,True,1940.0,511-Single Family Detached,1419.0,,629700.0,216800.0,2310.72,5776.799999999999,35,4357.799999999999,24.563772330702122,underdeveloped,estimated_from_improvement_value,261262.0590984628,871559.9999999999,high,152.83,136.62,169.03,12,,,
23018031,"3806 6Th St S, Arlington VA 22204",Alcova Heights,R-6,False,5004.0,49.9,False,1940.0,511-Single Family Detached,424.0,,603700.0,64800.0,1501.2,3753.0,35,3329.0,11.297628563815614,underdeveloped,estimated_from_improvement_value,294522.91899813485,665800.0,high,152.83,136.62,169.03,12,,,
23018030,"3810 6Th St S, Arlington VA 22204",Alcova Heights,R-6,False,7275.0,48.5,False,1939.0,511-Single Family Detached,1375.0,,644600.0,210100.0,2182.5,5456.25,35,4081.25,25.20045819014891,underdeveloped,estimated_from_improvement_value,265186.8155784651,816250.0,high,152.83,136.62,169.03,12,,,
23018029,"3814 6Th St S, Arlington VA 22204",Alcova Heights,R-6,False,6937.0,48.4,False,1938.0,511-Single Family Detached,1684.0,,638500.0,257300.0,2081.1,5202.75,35,3518.75,32.36749795781078,underdeveloped,estimated_from_improvement_value,237508.43904665805,703750.0,high,152.83,136.62,169.03,12,,,
23018025,"3830 6Th St S, Arlington VA 22204",Alcova Heights,R-6,False,5585.0,48.7,False,1940.0,511-Single Family Detached,656.0,,614200.0,100200.0,1675.5,4188.75,35,3532.75,15.66099671739779,underdeveloped,estimated_from_improvement_value,284905.58698895853,706550.0,high,152.83,136.62,169.03,12,,,
23018023,"3904 6Th St S, Arlington VA 22204",Alcova Heights,R-6,False,4850.0,48.5,False,1939.0,511-Single Family Detached,845.0,,600900.0,129100.0,1455.0,3637.5,35,2792.5,23.230240549828178,underdeveloped,estimated_from_improvement_value,253720.2164948454,558500.0,high,152.83,136.62,169.03,12,,,
23018005,"3817 7Th St S, Arlington VA 22204",Alcova Heights,R-6,False,8246.0,50.1,False,1940.0,511-Single Family Detached,1708.0,,662100.0,261100.0,2473.7999999999997,6184.499999999999,35,4476.499999999999,27.617430673457843,underdeveloped,estimated_from_improvement_value,263584.7453310696,895299.9999999998,high,152.83,136.62,169.03,12,,,
23018027,"3822 6Th St S, Arlington VA 22204",Alcova Heights,R-6,False,6261.0,48.4,False,1940.0,511-Single Family Detached,1955.0,,626300.0,298800.0,1878.3,4695.75,35,2740.75,41.633391896928075,underdeveloped,estimated_from_improvement_value,201052.53660224672,548150.0,high,152.83,136.62,169.03,12,,,
23018006,"3821 7Th St S, Arlington VA 22204",Alcova Heights,R-6,False,8246.0,50.1,False,1949.0,511-Single Family Detached,1752.0,,662100.0,267800.0,2473.7999999999997,6184.499999999999,35,4432.499999999999,28.32888673296144,underdeveloped,estimated_from_improvement_value,260993.94251758428,886499.9999999998,high,152.83,136.62,169.03,12,,,
23018022,"3908 6Th St S, Arlington VA 22204",Alcova Heights,R-6,False,4500.0,48.6,False,1940.0,511-Single Family Detached,1683.0,,594600.0,257200.0,1350.0,3375.0,35,1692.0,49.86666666666667,underdeveloped,estimated_from_improvement_value,163951.04,342806.72,high,152.83,136.62,169.03,12,,,
23027014,"3616 7Th St S, Arlington VA 22204",Alcova Heights,R-6,False,8147.0,49.1,False,1927.0,511-Single Family Detached,1759.0,,660300.0,268800.0,2444.1,6110.25,35,4351.25,28.787692811259767,underdeveloped,estimated_from_improvement_value,258618.1754019885,870250.0,high,152.83,136.62,169.03,12,,,
23018007,"3825 7Th St S, Arlington VA 22204",Alcova Heights,R-6,False,7975.8,49.5,False,1949.0,511-Single Family Detached,2835.0,,662100.0,433200.0,2392.74,5981.849999999999,35,3146.8499999999995,47.39336492890996,underdeveloped,estimated_from_improvement_value,191569.69194312792,629369.9999999999,high,152.83,136.62,169.03,12,,,
23018034,"3912 6Th St S, Arlington VA 22204",Alcova Heights,R-6,False,4603.9,50.8,False,1940.0,511-Single Family Detached,1894.0,,596400.0,289500.0,1381.1699999999998,3452.9249999999997,35,1558.9249999999997,54.85204572934541,underdeveloped,estimated_from_improvement_value,148094.31959860117,311784.99999999994,high,152.83,136.62,169.03,12,,,
23018021,"3916 6Th St S, Arlington VA 22204",Alcova Heights,R-6,False,5082.6,50.5,False,1957.0,511-Single Family Detached,2358.0,,606300.0,360300.0,1524.78,3811.95,35,1453.9499999999998,61.858104119938616,underdeveloped,estimated_from_improvement_value,127189.8730964467,290789.99999999994,high,152.83,136.62,169.03,12,,,
23018008,"3829 7Th St S, Arlington VA 22204",Alcova Heights,R-6,False,8246.0,50.4,False,1949.0,511-Single Family Detached,1042.0,,662100.0,159200.0,2473.7999999999997,6184.499999999999,35,5142.499999999999,16.84857304551702,underdeveloped,estimated_from_improvement_value,302800.07882609754,1028499.9999999998,high,152.83,136.62,169.03,12,,,
23018010,"3905 7Th St S, Arlington VA 22204",Alcova Heights,R-6,False,8246.0,50.2,False,1940.0,511-Single Family Detached,1113.0,,662100.0,170100.0,2473.7999999999997,6184.499999999999,35,5071.499999999999,17.996604414261462,underdeveloped,estimated_from_improvement_value,298619.4651952462,1014299.9999999998,high,152.83,136.62,169.03,12,,,
23027010,"3712 7Th St S, Arlington VA 22204",Alcova Heights,R-6,False,8147.0,49.1,False,1928.0,511-Single Family Detached,985.0,,660300.0,150500.0,2444.1,6110.25,35,5125.25,16.120453336606523,underdeveloped,estimated_from_improvement_value,304621.155640113,1025050.0,high,152.83,136.62,169.03,12,,,
23018012,"3911 7Th St S, Arlington VA 22204",Alcova Heights,R-6,False,8170.5,50.3,False,1939.0,511-Single Family Detached,1103.0,,662100.0,168600.0,2451.15,6127.875,35,5024.875,17.999714419762153,underdeveloped,estimated_from_improvement_value,298608.1399547152,1004975.0,high,152.83,136.62,169.03,12,,,
23018013,"3915 7Th St S, Arlington VA 22204",Alcova Heights,R-6,False,8246.0,50.0,False,1937.0,511-Single Family Detached,694.0,,662100.0,106000.0,2473.7999999999997,6184.499999999999,35,5490.499999999999,11.221602393079474,underdeveloped,estimated_from_improvement_value,323290.97380548145,1098099.9999999998,high,152.83,136.62,169.03,12,,,
23027002,"3615 8Th St S, Arlington VA 22204",Alcova Heights,R-6,False,8147.0,49.0,False,2013.0,511-Single Family Detached,5842.0,,660300.0,892800.0,2444.1,6110.25,35,268.25,95.6098359314267,near-capacity,estimated_from_improvement_value,15943.539339634222,53650.0,medium,152.83,136.62,169.03,12,,,
23018014,"3919 7Th St S, Arlington VA 22204",Alcova Heights,R-6,False,8523.6,52.2,False,1938.0,511-Single Family Detached,1692.0,,662100.0,258600.0,2520.0,6300.0,35,4608.0,26.857142857142858,underdeveloped,estimated_from_improvement_value,266353.37142857147,921600.0,high,152.83,136.62,169.03,12,,,
23018015,"3923 7Th St S, Arlington VA 22204",Alcova Heights,R-6,False,8246.0,50.1,False,1939.0,511-Single Family Detached,2041.0,,662100.0,312000.0,2473.7999999999997,6184.499999999999,35,4143.499999999999,33.001859487428256,underdeveloped,estimated_from_improvement_value,243977.07858355565,828699.9999999998,high,152.83,136.62,169.03,12,,,
23027004,"3701 8Th St S, Arlington VA 22204",Alcova Heights,R-6,False,8147.0,48.9,False,1937.0,511-Single Family Detached,1793.0,,660300.0,274000.0,2444.1,6110.25,35,4317.25,29.344134855365983,underdeveloped,estimated_from_improvement_value,256597.37265251015,863450.0,high,152.83,136.62,169.03,12,,,
23027012,"3704 7Th St S, Arlington VA 22204",Alcova Heights,R-6,False,8147.0,49.0,False,1925.0,511-Single Family Detached,603.0,,660300.0,92100.0,2444.1,6110.25,35,5507.25,9.86866331164846,underdeveloped,estimated_from_improvement_value,327325.4688842519,1101450.0,high,152.83,136.62,169.03,12,,,
23027005,"3705 8Th St S, Arlington VA 22204",Alcova Heights,R-6,False,8060.3,49.4,False,1939.0,511-Single Family Detached,1133.0,,660300.0,173100.0,2418.09,6045.225,35,4912.225,18.74206501825821,underdeveloped,estimated_from_improvement_value,295100.3795764426,982445.0000000001,high,152.83,136.62,169.03,12,,,
23026030,"706 S Oakland St, Arlington VA 22204",Alcova Heights,R-6,False,7228.0,72.0,True,1956.0,511-Single Family Detached,1235.0,,643700.0,188700.0,2168.4,5421.0,35,4186.0,22.781774580335732,underdeveloped,estimated_from_improvement_value,273379.5443645084,837200.0,high,152.83,136.62,169.03,12,,,
23027007,"3711 8Th St S, Arlington VA 22204",Alcova Heights,R-6,False,8147.0,49.0,False,1939.0,511-Single Family Detached,2493.0,,660300.0,381000.0,2444.1,6110.25,35,3617.25,40.800294586964526,underdeveloped,estimated_from_improvement_value,214992.6101632503,723450.0,high,152.83,136.62,169.03,12,,,
23016013,"3512 6Th St S, Arlington VA 22204",Alcova Heights,R-6,False,12505.0,76.3,True,1939.0,511-Single Family Detached,1199.0,,738700.0,183300.0,2520.0,6300.0,35,5101.0,19.03174603174603,underdeveloped,estimated_from_improvement_value,328961.87063492066,1020200.0,high,152.83,136.62,169.03,12,,,
23016009,"3530 6Th St S, Arlington VA 22204",Alcova Heights,R-6,False,7282.0,44.7,False,1939.0,511-Single Family Detached,3419.0,,644700.0,522600.0,2184.6,5461.5,35,2042.5,62.60184930879795,underdeveloped,estimated_from_improvement_value,132608.2326283988,408500.0,high,152.83,136.62,169.03,12,,,
23016023,"3531 7Th St S, Arlington VA 22204",Alcova Heights,R-6,False,8132.0,48.7,False,1929.0,511-Single Family Detached,1551.0,,660000.0,237100.0,2439.6,6099.0,35,4548.0,25.43039842597147,underdeveloped,estimated_from_improvement_value,270687.6537137236,909600.0,high,152.83,136.62,169.03,12,,,
23015007,"3907 6Th St S, Arlington VA 22204",Alcova Heights,R-6,True,9716.0,44.4,False,1940.0,511-Single Family Detached,2596.0,,688500.0,396700.0,2520.0,6300.0,35,3704.0,41.20634920634921,underdeveloped,estimated_from_improvement_value,222636.8571428572,740800.0,high,152.83,136.62,169.03,12,,,
23018032,"600 S Oakland St, Arlington VA 22204",Alcova Heights,R-6,False,5178.0,48.6,False,1952.0,511-Single Family Detached,901.0,,606800.0,137700.0,1553.3999999999999,3883.4999999999995,35,2982.4999999999995,23.200720999098753,underdeveloped,estimated_from_improvement_value,256309.9137376078,596499.9999999999,high,152.83,136.62,169.03,12,,,
23018001,"3801 7Th St S, Arlington VA 22204",Alcova Heights,R-6,False,8246.0,49.4,False,1936.0,511-Single Family Detached,1570.0,,662100.0,239900.0,2473.7999999999997,6184.499999999999,35,4614.499999999999,25.386045759560194,underdeveloped,estimated_from_improvement_value,271710.4450642736,922899.9999999998,high,152.83,136.62,169.03,12,,,
23027009,"3716 7Th St S, Arlington VA 22204",Alcova Heights,R-6,False,8147.0,49.1,False,1939.0,511-Single Family Detached,2026.0,,660300.0,309600.0,2444.1,6110.25,35,4084.25,33.15739945174093,underdeveloped,estimated_from_improvement_value,242748.93028108508,816850.0,high,152.83,136.62,169.03,12,,,
23026017,"3804 7Th St S, Arlington VA 22204",Alcova Heights,R-6,False,9285.0,92.6,True,1937.0,511-Single Family Detached,2590.0,,680800.0,395900.0,2520.0,6300.0,35,3710.0,41.11111111111111,underdeveloped,estimated_from_improvement_value,220503.5555555556,742000.0,high,152.83,136.62,169.03,12,,,
23027008,"3717 8Th St S, Arlington VA 22204",Alcova Heights,R-6,False,8147.0,48.7,False,1927.0,511-Single Family Detached,1943.0,,660300.0,296900.0,2444.1,6110.25,35,4167.25,31.799026226422818,underdeveloped,estimated_from_improvement_value,247682.0664048116,833450.0,high,152.83,136.62,169.03,12,,,
23027017,"3608 7Th St S, Arlington VA 22204",Alcova Heights,R-6,False,8147.0,49.2,False,1920.0,511-Single Family Detached,1283.0,,660300.0,196100.0,2444.1,6110.25,35,4827.25,20.99750419377276,underdeveloped,estimated_from_improvement_value,286909.4138946852,965450.0,high,152.83,136.62,169.03,12,,,
23027016,"714 S Monroe St, Arlington VA 22204",Alcova Heights,R-6,False,28364.0,85.9,True,,215-Gen Comm - other,6033.0,,1285500.0,922000.0,2520.0,6300.0,35,267.0,95.76190476190476,near-capacity,estimated_from_improvement_value,26700.0,62652.82142857143,medium,152.83,136.62,169.03,12,,,
23027001,"3611 8Th St S, Arlington VA 22204",Alcova Heights,R-6,False,8066.0,48.6,False,,511-Single Family Detached,,,658800.0,0.0,2419.7999999999997,6049.499999999999,35,6049.499999999999,0.0,vacant,not_available,362340.00000000006,1209899.9999999998,high,152.83,136.62,169.03,12,confirmed,Vacant lot confirmed,2026-02-19
23015024,"3615 6Th St S, Arlington VA 22204",Alcova Heights,R-6,True,8836.0,49.0,False,1939.0,511-Single Family Detached,957.0,,672700.0,146300.0,2520.0,6300.0,35,5343.0,15.19047619047619,underdeveloped,estimated_from_improvement_value,313782.51666666666,1068600.0,high,152.83,136.62,169.03,12,,,
23015191,"3732 5Th St S, Arlington VA 22204",Alcova Heights,R-5,True,6000.0,40.4,False,1998.0,511-Single Family Detached,2967.0,,621600.0,453500.0,2040.0000000000002,5100.000000000001,35,2133.000000000001,58.17647058823528,underdeveloped,estimated_from_improvement_value,142986.28235294123,426600.0000000002,high,152.83,136.62,169.03,12,,,
23015190,"3728 5Th St S, Arlington VA 22204",Alcova Heights,R-5,True,6642.0,60.5,True,1998.0,511-Single Family Detached,3493.0,,633200.0,533900.0,2258.28,5645.700000000001,35,2152.7000000000007,61.87009582514125,underdeveloped,estimated_from_improvement_value,132791.2042793631,430540.0000000001,high,152.83,136.62,169.03,12,,,
23015188,"3720 5Th St S, Arlington VA 22204",Alcova Heights,R-5,True,5234.0,56.1,True,1998.0,511-Single Family Detached,2899.0,,607800.0,443100.0,1779.5600000000002,4448.900000000001,35,1549.9000000000005,65.16217491964305,underdeveloped,estimated_from_improvement_value,116459.36546112526,309980.0000000001,high,152.83,136.62,169.03,12,,,
23015187,"3716 5Th St S, Arlington VA 22204",Alcova Heights,R-5,True,6599.0,51.1,True,1998.0,511-Single Family Detached,3147.0,,632400.0,480900.0,2243.6600000000003,5609.150000000001,35,2462.1500000000005,56.104757405310956,underdeveloped,estimated_from_improvement_value,152676.43279284742,492430.0000000001,high,152.83,136.62,169.03,12,,,
23015186,"3712 5Th St S, Arlington VA 22204",Alcova Heights,R-5,True,6523.0,50.1,True,1998.0,511-Single Family Detached,2994.0,,631000.0,457500.0,2217.82,5544.55,35,2550.55,53.99897196345961,underdeveloped,estimated_from_improvement_value,159646.5678008134,510110.00000000006,high,152.83,136.62,169.03,12,,,
23015185,"3708 5Th St S, Arlington VA 22204",Alcova Heights,R-5,True,6743.0,49.1,False,1998.0,511-Single Family Detached,3169.0,,635000.0,484300.0,2292.6200000000003,5731.550000000001,35,2562.550000000001,55.290453716708384,underdeveloped,estimated_from_improvement_value,156148.09039439596,512510.00000000023,high,152.83,136.62,169.03,12,,,
23015189,"3724 5Th St S, Arlington VA 22204",Alcova Heights,R-5,True,5832.0,43.6,False,1998.0,511-Single Family Detached,3073.0,,618600.0,469600.0,1982.88,4957.200000000001,35,1884.2000000000007,61.990639877350105,underdeveloped,estimated_from_improvement_value,129319.24594529174,376840.0000000001,high,152.83,136.62,169.03,12,,,
23026015,"3814 7Th St S, Arlington VA 22204",Alcova Heights,R-6,False,8256.0,49.4,False,1941.0,511-Single Family Detached,545.0,,662200.0,83300.0,2476.7999999999997,6191.999999999999,35,5646.999999999999,8.801679586563308,underdeveloped,estimated_from_improvement_value,332153.4027777778,1129399.9999999998,high,152.83,136.62,169.03,12,,,
23026014,"3818 7Th St S, Arlington VA 22204",Alcova Heights,R-6,False,8256.0,49.3,False,1930.0,511-Single Family Detached,544.0,,662200.0,83200.0,2476.7999999999997,6191.999999999999,35,5647.999999999999,8.785529715762275,underdeveloped,estimated_from_improvement_value,332212.22222222225,1129599.9999999998,high,152.83,136.62,169.03,12,,,
23026013,"3822 7Th St S, Arlington VA 22204",Alcova Heights,R-6,False,8256.0,49.3,False,2006.0,511-Single Family Detached,4600.0,,662200.0,703000.0,2476.7999999999997,6191.999999999999,35,1591.999999999999,74.28940568475453,underdeveloped,estimated_from_improvement_value,93640.55555555552,318399.9999999998,high,152.83,136.62,169.03,12,,,
23026012,"3826 7Th St S, Arlington VA 22204",Alcova Heights,R-6,False,8256.0,49.2,False,1937.0,511-Single Family Detached,754.0,,662200.0,115200.0,2476.7999999999997,6191.999999999999,35,5437.999999999999,12.177002583979329,underdeveloped,estimated_from_improvement_value,319860.13888888893,1087599.9999999998,high,152.83,136.62,169.03,12,,,
23026016,"3810 7Th St S, Arlington VA 22204",Alcova Heights,R-6,False,8256.0,49.6,False,1939.0,511-Single Family Detached,844.0,,662200.0,129000.0,2476.7999999999997,6191.999999999999,35,5347.999999999999,13.630490956072352,underdeveloped,estimated_from_improvement_value,314566.38888888893,1069599.9999999998,high,152.83,136.62,169.03,12,,,
23016015,"612 S Glebe Rd, Arlington VA 22204",Alcova Heights,R-5,False,10510.0,46.4,False,1930.0,511-Single Family Detached,731.0,,632500.0,111700.0,2380.0,5950.0,35,5219.0,12.285714285714286,underdeveloped,estimated_from_improvement_value,305136.0714285715,1043800.0,high,152.83,136.62,169.03,12,,,
23016003,"3507 7Th St S, Arlington VA 22204",Alcova Heights,R-6,False,8246.0,49.3,False,1925.0,511-Single Family Detached,431.0,,662100.0,65800.0,2473.7999999999997,6184.499999999999,35,5753.499999999999,6.9690354919556965,underdeveloped,estimated_from_improvement_value,338776.90880426875,1150699.9999999998,high,152.83,136.62,169.03,12,,,
23029027,"3402 8Th St S, Arlington VA 22204",Alcova Heights,R-5,False,4401.0,44.1,False,2004.0,511-Single Family Detached,4265.0,,592800.0,651800.0,1496.3400000000001,3740.8500000000004,35,-524.1499999999996,114.01152144566073,overdeveloped,estimated_from_improvement_value,,,not_applicable,152.83,136.62,169.03,12,,,
23029014,"808 S Glebe Rd, Arlington VA 22204",Alcova Heights,R-5,False,10942.0,52.3,True,1938.0,511-Single Family Detached,1807.0,,639500.0,276200.0,2380.0,5950.0,35,4143.0,30.369747899159666,underdeveloped,estimated_from_improvement_value,244907.00420168068,828600.0,high,152.83,136.62,169.03,12,,,
23029011,"3414 8Th St S, Arlington VA 22204",Alcova Heights,R-6,False,4226.0,45.0,False,1936.0,511-Single Family Detached,2077.0,,589700.0,317500.0,1267.8,3169.5,35,1092.5,65.5308408266288,underdeveloped,estimated_from_improvement_value,109250.0,233754.32639217543,high,152.83,136.62,169.03,12,,,
23029015,"812 S Glebe Rd, Arlington VA 22204",Alcova Heights,R-5,False,10923.0,52.0,True,1933.0,511-Single Family Detached,738.0,,639200.0,112800.0,2380.0,5950.0,35,5212.0,12.403361344537815,underdeveloped,estimated_from_improvement_value,307954.7428571429,1042400.0,high,152.83,136.62,169.03,12,,,
23030011,"3504 8Th St S, Arlington VA 22204",Alcova Heights,R-6,False,9553.0,52.7,False,1940.0,511-Single Family Detached,1050.0,,685600.0,160400.0,2520.0,6300.0,35,5250.0,16.666666666666664,underdeveloped,estimated_from_improvement_value,314233.3333333334,1050000.0,high,152.83,136.62,169.03,12,,,
23030010,"3508 8Th St S, Arlington VA 22204",Alcova Heights,R-6,False,9494.0,52.8,False,2018.0,511-Single Family Detached,5940.0,,684500.0,907800.0,2520.0,6300.0,35,360.0,94.28571428571428,near-capacity,estimated_from_improvement_value,21512.85714285714,72000.0,medium,152.83,136.62,169.03,12,,,
23030009,"3512 8Th St S, Arlington VA 22204",Alcova Heights,R-6,False,9449.0,53.0,False,1930.0,511-Single Family Detached,1254.0,,683700.0,191600.0,2520.0,6300.0,35,5046.0,19.904761904761905,underdeveloped,estimated_from_improvement_value,301186.1285714286,1009200.0,high,152.83,136.62,169.03,12,,,
23029017,"820 S Glebe Rd, Arlington VA 22204",Alcova Heights,R-5,True,10268.0,48.0,False,1932.0,511-Single Family Detached,565.0,,628700.0,86400.0,2380.0,5950.0,35,5385.0,9.495798319327731,underdeveloped,estimated_from_improvement_value,312949.9537815126,1077000.0,high,152.83,136.62,169.03,12,,,
23030008,"3514 8Th St S, Arlington VA 22204",Alcova Heights,R-6,False,9397.0,52.8,False,1973.0,511-Single Family Detached,1631.0,,682800.0,249300.0,2520.0,6300.0,35,4669.0,25.88888888888889,underdeveloped,estimated_from_improvement_value,278316.8666666667,933800.0,high,152.83,136.62,169.03,12,,,
23016025,"606 S Glebe Rd, Arlington VA 22204",Alcova Heights,R-5,False,4039.0,73.5,False,1982.0,514-Side by side,1070.0,,527700.0,163500.0,1373.26,3433.15,35,2363.15,31.166712785634182,underdeveloped,estimated_from_improvement_value,199778.29114661465,472630.0,high,152.83,136.62,169.03,12,,,
23016018,"3411 7Th St S, Arlington VA 22204",Alcova Heights,R-5,False,6500.0,53.9,True,1961.0,515-Duplex,2742.0,,599100.0,419100.0,2210.0,5525.0,35,2783.0,49.6289592760181,underdeveloped,estimated_from_improvement_value,165975.09773755659,556600.0,high,152.83,136.62,169.03,12,,,
23016019,"3415 7Th St S, Arlington VA 22204",Alcova Heights,R-5,False,7121.0,45.1,False,1961.0,515-Duplex,1369.0,,641800.0,209300.0,2380.0,5950.0,35,4581.0,23.008403361344538,underdeveloped,estimated_from_improvement_value,271772.63697478996,916200.0,high,152.83,136.62,169.03,12,,,
23016001,"3423 7Th St S, Arlington VA 22204",Alcova Heights,R-6,False,5960.5,91.2,False,1935.0,511-Single Family Detached,2051.0,,622300.0,313400.0,1788.1499999999999,4470.375,35,2419.375,45.879819925621455,underdeveloped,estimated_from_improvement_value,185234.43433157174,483875.0,high,152.83,136.62,169.03,12,,,
23029013,"802 S Glebe Rd, Arlington VA 22204",Alcova Heights,R-5,False,12262.0,104.9,True,1915.0,511-Single Family Detached,1298.0,,660900.0,198300.0,2380.0,5950.0,35,4652.0,21.81512605042017,underdeveloped,estimated_from_improvement_value,284198.10756302526,930400.0,high,152.83,136.62,169.03,12,,,
23029026,"3404 8Th St S, Arlington VA 22204",Alcova Heights,R-5,False,4582.0,48.4,False,1939.0,511-Single Family Detached,1097.0,,596100.0,167700.0,1557.88,3894.7000000000003,35,2797.7000000000003,28.166482655917015,underdeveloped,estimated_from_improvement_value,235509.7782884433,559540.0,high,152.83,136.62,169.03,12,,,
23029012,"3410 8Th St S, Arlington VA 22204",Alcova Heights,R-6,False,19809.2,106.8,True,1936.0,511-Single Family Detached,2178.0,,886100.0,332900.0,2520.0,6300.0,35,4122.0,34.57142857142857,underdeveloped,estimated_from_improvement_value,318869.4142857143,824400.0,high,152.83,136.62,169.03,12,confirmed,Large single-family residential lot confirmed for inclusion; lot area outlier flag is not a data quality issue,2026-02-19
23029010,"3418 8Th St S, Arlington VA 22204",Alcova Heights,R-6,False,5735.0,64.5,False,1936.0,511-Single Family Detached,2643.0,,616900.0,403900.0,1720.5,4301.25,35,1658.25,61.44725370531822,underdeveloped,estimated_from_improvement_value,130807.54054054055,331650.0,high,152.83,136.62,169.03,12,,,
23030012,"3500 8Th St S, Arlington VA 22204",Alcova Heights,R-6,False,7300.0,40.2,False,1940.0,511-Single Family Detached,692.0,,645000.0,105800.0,2190.0,5475.0,35,4783.0,12.639269406392694,underdeveloped,estimated_from_improvement_value,309912.19178082194,956600.0,high,152.83,136.62,169.03,12,,,
23029016,"816 S Glebe Rd, Arlington VA 22204",Alcova Heights,R-5,True,10901.0,51.2,True,1937.0,511-Single Family Detached,1462.0,,638800.0,223500.0,2380.0,5950.0,35,4488.0,24.571428571428573,underdeveloped,estimated_from_improvement_value,265010.7428571429,897600.0,high,152.83,136.62,169.03,12,,,
23029008,"809 S Lincoln St, Arlington VA 22204",Alcova Heights,R-6,False,5318.0,45.6,False,1935.0,511-Single Family Detached,2946.0,,609400.0,450200.0,1595.3999999999999,3988.4999999999995,35,1042.4999999999995,73.86235426852201,underdeveloped,estimated_from_improvement_value,87605.54719819478,208499.9999999999,high,152.83,136.62,169.03,12,,,
23029007,"815 S Lincoln St, Arlington VA 22204",Alcova Heights,R-6,True,11339.0,48.1,False,2024.0,511-Single Family Detached,7477.0,,681800.0,1142700.0,2520.0,6300.0,35,-1177.0,118.68253968253968,overdeveloped,estimated_from_improvement_value,,,not_applicable,152.83,136.62,169.03,12,,,
23025003,"714 S Quincy St, Arlington VA 22204",Alcova Heights,R-6,False,5832.0,62.2,False,1940.0,511-Single Family Detached,656.0,,618600.0,100300.0,1749.6,4374.0,35,3718.0,14.997713763145862,underdeveloped,estimated_from_improvement_value,289203.2784636489,743600.0,high,152.83,136.62,169.03,12,,,
23025002,"4020 7Th St S, Arlington VA 22204",Alcova Heights,R-6,False,6040.0,53.0,False,1940.0,511-Single Family Detached,677.0,,622400.0,103400.0,1812.0,4530.0,35,3853.0,14.944812362030904,underdeveloped,estimated_from_improvement_value,291160.9183222958,770600.0,high,152.83,136.62,169.03,12,,,
23025006,"718 S Quincy St, Arlington VA 22204",Alcova Heights,R-6,False,6470.0,54.9,False,1981.0,511-Single Family Detached,2600.0,,630100.0,397400.0,1941.0,4852.5,35,2252.5,53.58062854198866,underdeveloped,estimated_from_improvement_value,160868.6527563112,450500.0,high,152.83,136.62,169.03,12,,,
23025001,"4026 7Th St S, Arlington VA 22204",Alcova Heights,R-6,False,5285.0,49.5,False,1973.0,511-Single Family Detached,1529.0,,608800.0,233700.0,1585.5,3963.75,35,2434.75,38.574582150741094,underdeveloped,estimated_from_improvement_value,205676.86912645854,486950.0,high,152.83,136.62,169.03,12,,,
23019031,"4033 7Th St S, Arlington VA 22204",Alcova Heights,R-6,False,6687.0,53.3,False,1990.0,511-Single Family Detached,2777.0,,634000.0,424400.0,2006.1,5015.25,35,2238.25,55.371118089826034,underdeveloped,estimated_from_improvement_value,155620.91122077664,447650.0,high,152.83,136.62,169.03,12,,,
23019002,"4029 8Th St S, Arlington VA 22204",Alcova Heights,R-6,False,5855.0,66.3,False,1936.0,511-Single Family Detached,583.0,,619000.0,89100.0,1756.5,4391.25,35,3808.25,13.27640193566752,underdeveloped,estimated_from_improvement_value,295250.48961002,761650.0,high,152.83,136.62,169.03,12,,,
23019004,"4037 8Th St S, Arlington VA 22204",Alcova Heights,R-6,True,5239.0,57.6,False,1939.0,511-Single Family Detached,542.0,,607900.0,82900.0,1571.7,3929.25,35,3387.25,13.79398103963861,underdeveloped,estimated_from_improvement_value,288225.51409302035,677450.0,high,152.83,136.62,169.03,12,,,
23019014,"4005 7Th St S, Arlington VA 22204",Alcova Heights,R-6,True,14226.0,86.9,True,1999.0,511-Single Family Detached,4199.0,,769700.0,641700.0,2520.0,6300.0,35,2101.0,66.65079365079364,underdeveloped,estimated_from_improvement_value,141178.8626984127,420200.0,high,152.83,136.62,169.03,12,,,
23019013,"4001 7Th St S, Arlington VA 22204",Alcova Heights,R-6,False,10166.0,89.0,True,1949.0,511-Single Family Detached,987.0,,696600.0,150900.0,2520.0,6300.0,35,5313.0,15.666666666666668,underdeveloped,estimated_from_improvement_value,323106.30000000005,1062600.0,high,152.83,136.62,169.03,12,,,
23026002,"3932 7Th St S, Arlington VA 22204",Alcova Heights,R-6,False,8953.0,53.1,False,1945.0,511-Single Family Detached,1476.0,,674800.0,225600.0,2520.0,6300.0,35,4824.0,23.42857142857143,underdeveloped,estimated_from_improvement_value,284187.2,964800.0,high,152.83,136.62,169.03,12,,,
23025009,"4000 7Th St S, Arlington VA 22204",Alcova Heights,R-6,False,9021.0,67.8,True,1984.0,511-Single Family Detached,4165.0,,676000.0,636500.0,2520.0,6300.0,35,2135.0,66.11111111111111,underdeveloped,estimated_from_improvement_value,125998.8888888889,427000.0,high,152.83,136.62,169.03,12,,,
23019017,"4029 7Th St S, Arlington VA 22204",Alcova Heights,R-6,False,7228.0,51.3,False,1939.0,511-Single Family Detached,2196.0,,643700.0,335600.0,2168.4,5421.0,35,3225.0,40.50913115661317,underdeveloped,estimated_from_improvement_value,210618.49750968456,645000.0,high,152.83,136.62,169.03,12,,,
23019007,"4035 8Th St S, Arlington VA 22204",Alcova Heights,R-6,True,11823.0,58.3,False,1941.0,511-Single Family Detached,1163.0,,653800.0,177700.0,2520.0,6300.0,35,5137.0,18.46031746031746,underdeveloped,estimated_from_improvement_value,293208.5444444444,1027400.0,high,152.83,136.62,169.03,12,,,
23019001,"4037 7Th St S, Arlington VA 22204",Alcova Heights,R-6,False,5000.0,56.8,False,1939.0,511-Single Family Detached,1441.0,,603600.0,220200.0,1500.0,3750.0,35,2309.0,38.42666666666666,underdeveloped,estimated_from_improvement_value,204411.15200000003,461800.0,high,152.83,136.62,169.03,12,,,
23019003,"4033 8Th St S, Arlington VA 22204",Alcova Heights,R-6,False,5256.0,50.3,False,1939.0,511-Single Family Detached,911.0,,608200.0,139300.0,1576.8,3942.0,35,3031.0,23.11009639776763,underdeveloped,estimated_from_improvement_value,257204.4165398275,606200.0,high,152.83,136.62,169.03,12,,,
23019008,"4039 8Th St S, Arlington VA 22204",Alcova Heights,R-6,True,23282.1,157.1,True,1940.0,511-Single Family Detached,2747.0,,838700.0,419800.0,2520.0,6300.0,35,3553.0,43.60317460317461,underdeveloped,estimated_from_improvement_value,260150.09603174607,710600.0,high,152.83,136.62,169.03,12,confirmed,Large single-family residential lot confirmed for inclusion; lot area outlier flag is not a data quality issue,2026-02-19
23026018,"716 S Oakland St, Arlington VA 22204",Alcova Heights,R-6,False,6513.0,64.9,True,1939.0,511-Single Family Detached,528.0,,630900.0,80700.0,1953.8999999999999,4884.75,35,4356.75,10.809150928911409,underdeveloped,estimated_from_improvement_value,309487.7867342239,871350.0,high,152.83,136.62,169.03,12,,,
23031013,"3608 8Th St S, Arlington VA 22204",Alcova Heights,R-6,False,8015.0,49.5,False,1930.0,511-Single Family Detached,1008.0,,657900.0,154000.0,2404.5,6011.25,35,5003.25,16.768558951965066,underdeveloped,estimated_from_improvement_value,301168.80786026205,1000650.0,high,152.83,136.62,169.03,12,,,
23026006,"3916 7Th St S, Arlington VA 22204",Alcova Heights,R-6,False,7678.0,45.8,False,1938.0,511-Single Family Detached,3997.0,,651800.0,610800.0,2303.4,5758.5,35,1761.5,69.4104367456803,underdeveloped,estimated_from_improvement_value,109660.52531041071,352300.0,high,152.83,136.62,169.03,12,,,
23031012,"3610 8Th St S, Arlington VA 22204",Alcova Heights,R-6,False,7959.0,49.5,False,2010.0,511-Single Family Detached,4463.0,,656900.0,682100.0,2387.7,5969.25,35,1506.25,74.76651170582569,underdeveloped,estimated_from_improvement_value,91167.33153243708,301250.0,high,152.83,136.62,169.03,12,,,
23026031,"3821 8Th St S, Arlington VA 22204",Alcova Heights,R-6,False,8256.0,49.4,False,1938.0,511-Single Family Detached,2394.0,,662200.0,365900.0,2476.7999999999997,6191.999999999999,35,3797.999999999999,38.662790697674424,underdeveloped,estimated_from_improvement_value,223396.25,759599.9999999998,high,152.83,136.62,169.03,12,,,
23031010,"3700 8Th St S, Arlington VA 22204",Alcova Heights,R-6,False,7540.0,48.1,False,1938.0,511-Single Family Detached,2416.0,,654900.0,369200.0,2262.0,5655.0,35,3239.0,42.723253757736515,underdeveloped,estimated_from_improvement_value,206307.976127321,647800.0,high,152.83,136.62,169.03,12,,,
23031008,"3708 8Th St S, Arlington VA 22204",Alcova Heights,R-6,False,7739.0,49.1,False,1939.0,511-Single Family Detached,3156.0,,652900.0,482300.0,2321.7,5804.25,35,2648.25,54.37395012275488,underdeveloped,estimated_from_improvement_value,163840.86380669338,529650.0,high,152.83,136.62,169.03,12,,,
23026023,"3833 8Th St S, Arlington VA 22204",Alcova Heights,R-6,False,8256.0,49.6,False,2015.0,511-Single Family Detached,5478.0,,662200.0,837200.0,2476.7999999999997,6191.999999999999,35,713.9999999999991,88.46899224806202,near-capacity,estimated_from_improvement_value,41997.083333333285,142799.99999999983,high,152.83,136.62,169.03,12,,,
23026009,"3904 7Th St S, Arlington VA 22204",Alcova Heights,R-6,False,8256.0,49.2,False,1939.0,511-Single Family Detached,1881.0,,662200.0,287500.0,2476.7999999999997,6191.999999999999,35,4310.999999999999,30.37790697674419,underdeveloped,estimated_from_improvement_value,253570.625,862199.9999999998,high,152.83,136.62,169.03,12,,,
23026024,"3901 8Th St S, Arlington VA 22204",Alcova Heights,R-6,False,8256.0,49.7,False,1919.0,511-Single Family Detached,1225.0,,662200.0,187200.0,2476.7999999999997,6191.999999999999,35,4966.999999999999,19.783591731266153,underdeveloped,estimated_from_improvement_value,292156.18055555556,993399.9999999998,high,152.83,136.62,169.03,12,,,
23026008,"3908 7Th St S, Arlington VA 22204",Alcova Heights,R-6,False,8256.0,49.2,False,1938.0,511-Single Family Detached,481.0,,662200.0,73500.0,2476.7999999999997,6191.999999999999,35,5710.999999999999,7.76808785529716,underdeveloped,estimated_from_improvement_value,335917.84722222225,1142199.9999999998,high,152.83,136.62,169.03,12,,,
23026032,"3903 8Th St S, Arlington VA 22204",Alcova Heights,R-6,False,8246.0,50.4,False,1988.0,511-Single Family Detached,2988.0,,662200.0,456700.0,2473.7999999999997,6184.499999999999,35,3196.499999999999,48.314334222653414,underdeveloped,estimated_from_improvement_value,188244.363327674,639299.9999999998,high,152.83,136.62,169.03,12,,,
23026025,"3909 8Th St S, Arlington VA 22204",Alcova Heights,R-6,False,8256.0,49.9,False,1995.0,511-Single Family Detached,4994.0,,662200.0,763300.0,2476.7999999999997,6191.999999999999,35,1197.999999999999,80.65245478036177,near-capacity,estimated_from_improvement_value,70465.69444444441,239599.99999999983,high,152.83,136.62,169.03,12,,,
23026033,"3913 8Th St S, Arlington VA 22204",Alcova Heights,R-6,False,8256.0,49.8,False,1995.0,511-Single Family Detached,3426.0,,662200.0,523600.0,2476.7999999999997,6191.999999999999,35,2765.999999999999,55.329457364341096,underdeveloped,estimated_from_improvement_value,162694.5833333333,553199.9999999998,high,152.83,136.62,169.03,12,,,
23026005,"3920 7Th St S, Arlington VA 22204",Alcova Heights,R-6,False,8256.0,49.2,False,2023.0,511-Single Family Detached,6334.0,,662200.0,968100.0,2476.7999999999997,6191.999999999999,35,-142.0000000000009,102.29328165374679,overdeveloped,estimated_from_improvement_value,,,not_applicable,152.83,136.62,169.03,12,,,
23026026,"3917 8Th St S, Arlington VA 22204",Alcova Heights,R-6,False,8256.0,50.1,False,1950.0,511-Single Family Detached,933.0,,662200.0,142600.0,2476.7999999999997,6191.999999999999,35,5258.999999999999,15.067829457364343,underdeveloped,estimated_from_improvement_value,309331.4583333333,1051799.9999999998,high,152.83,136.62,169.03,12,,,
23026004,"3924 7Th St S, Arlington VA 22204",Alcova Heights,R-6,False,8256.0,49.0,False,1939.0,511-Single Family Detached,1951.0,,662200.0,298100.0,2476.7999999999997,6191.999999999999,35,4240.999999999999,31.50839793281654,underdeveloped,estimated_from_improvement_value,249453.26388888888,848199.9999999998,high,152.83,136.62,169.03,12,,,
23031041,"809 S Oakland St, Arlington VA 22204",Alcova Heights,R-6,False,6018.0,59.1,False,2005.0,511-Single Family Detached,6528.0,,622000.0,997700.0,1805.3999999999999,4513.5,35,-2014.5,144.63276836158192,overdeveloped,estimated_from_improvement_value,,,not_applicable,152.83,136.62,169.03,12,,,
23031036,"S Oakland St, Arlington VA 22204",Alcova Heights,R-6,False,4934.0,49.0,False,,510-Res - Vacant(SF & Twnhse),,,34500.0,0.0,1480.2,3700.5,35,3700.5,0.0,vacant,not_available,18975.0,740100.0,medium,152.83,136.62,169.03,12,confirmed,Vacant likely buildable lot confirmed on S Oakland St,2026-02-19
23031005,"819 S Oakland St, Arlington VA 22204",Alcova Heights,R-6,False,9866.0,49.4,False,1938.0,511-Single Family Detached,5782.0,,691200.0,883700.0,2520.0,6300.0,35,518.0,91.77777777777779,near-capacity,estimated_from_improvement_value,31257.600000000002,103600.0,high,152.83,136.62,169.03,12,,,
23031023,"3609 9Th St S, Arlington VA 22204",Alcova Heights,R-6,False,15614.0,50.3,False,1926.0,511-Single Family Detached,828.0,,791600.0,126600.0,2520.0,6300.0,35,5472.0,13.142857142857142,underdeveloped,estimated_from_improvement_value,378158.6285714286,1094400.0,high,152.83,136.62,169.03,12,,,
23031004,"823 S Oakland St, Arlington VA 22204",Alcova Heights,R-6,False,9766.0,49.1,False,1938.0,511-Single Family Detached,775.0,,689400.0,118500.0,2520.0,6300.0,35,5525.0,12.3015873015873,underdeveloped,estimated_from_improvement_value,332526.0714285715,1105000.0,high,152.83,136.62,169.03,12,,,
23031024,"3613 9Th St S, Arlington VA 22204",Alcova Heights,R-6,False,15410.0,49.1,False,1925.0,511-Single Family Detached,2195.0,,791000.0,335500.0,2520.0,6300.0,35,4105.0,34.84126984126984,underdeveloped,estimated_from_improvement_value,283473.05555555556,821000.0,high,152.83,136.62,169.03,12,,,
23031025,"3617 9Th St S, Arlington VA 22204",Alcova Heights,R-6,False,15394.0,49.1,False,1930.0,511-Single Family Detached,578.0,,790700.0,88300.0,2520.0,6300.0,35,5722.0,9.174603174603174,underdeveloped,estimated_from_improvement_value,394986.026984127,1144400.0,high,152.83,136.62,169.03,12,,,
23031026,"3701 9Th St S, Arlington VA 22204",Alcova Heights,R-6,False,15394.0,49.2,False,1930.0,511-Single Family Detached,844.0,,790700.0,129000.0,2520.0,6300.0,35,5456.0,13.396825396825395,underdeveloped,estimated_from_improvement_value,376624.21587301587,1091200.0,high,152.83,136.62,169.03,12,,,
23031027,"3705 9Th St S, Arlington VA 22204",Alcova Heights,R-6,False,15394.0,49.3,False,2014.0,511-Single Family Detached,5286.0,,790700.0,807900.0,2520.0,6300.0,35,1014.0,83.9047619047619,near-capacity,estimated_from_improvement_value,69995.7761904762,202800.0,high,152.83,136.62,169.03,12,,,
23031028,"3709 9Th St S, Arlington VA 22204",Alcova Heights,R-6,False,15394.0,49.4,False,2014.0,511-Single Family Detached,6204.0,,790700.0,948100.0,2520.0,6300.0,35,96.0,98.47619047619047,near-capacity,estimated_from_improvement_value,6626.819047619048,19200.0,medium,152.83,136.62,169.03,12,,,
23031001,"845 S Oakland St, Arlington VA 22204",Alcova Heights,R-6,False,7401.0,74.6,True,1970.0,511-Single Family Detached,1239.0,,646800.0,189300.0,2220.2999999999997,5550.749999999999,35,4311.749999999999,22.321307931360632,underdeveloped,estimated_from_improvement_value,276334.1791649777,862349.9999999998,high,152.83,136.62,169.03,12,,,
23039023,"3612 9Th St S, Arlington VA 22204",Alcova Heights,R-5,True,12879.0,58.7,True,1921.0,511-Single Family Detached,328.0,,745500.0,50100.0,2380.0,5950.0,35,5622.0,5.512605042016807,underdeveloped,estimated_from_improvement_value,387421.9411764706,1124400.0,high,152.83,136.62,169.03,12,,,
23039022,"3616 9Th St S, Arlington VA 22204",Alcova Heights,R-5,True,10916.0,49.8,False,1923.0,511-Single Family Detached,499.0,,710100.0,76200.0,2380.0,5950.0,35,5451.0,8.38655462184874,underdeveloped,estimated_from_improvement_value,357800.89159663866,1090200.0,high,152.83,136.62,169.03,12,,,
23039021,"3620 9Th St S, Arlington VA 22204",Alcova Heights,R-5,True,10916.0,49.8,False,1957.0,511-Single Family Detached,895.0,,710100.0,136800.0,2380.0,5950.0,35,5055.0,15.042016806722689,underdeveloped,estimated_from_improvement_value,331807.6512605042,1011000.0,high,152.83,136.62,169.03,12,,,
23039039,"3700 9Th St S, Arlington VA 22204",Alcova Heights,R-5,False,7016.0,50.2,True,1940.0,511-Single Family Detached,1057.0,,607900.0,161600.0,2380.0,5950.0,35,4893.0,17.764705882352942,underdeveloped,estimated_from_improvement_value,274949.5941176471,978600.0,high,152.83,136.62,169.03,12,,,
23039019,"3704 9Th St S, Arlington VA 22204",Alcova Heights,R-5,False,5383.0,38.3,False,1935.0,511-Single Family Detached,1182.0,,610500.0,180700.0,1830.22,4575.55,35,3393.55,25.832959972025222,underdeveloped,estimated_from_improvement_value,249034.37865393233,678710.0,high,152.83,136.62,169.03,12,,,
23039044,"3712 9Th St S, Arlington VA 22204",Alcova Heights,R-5,False,6915.3,50.0,True,1968.0,511-Single Family Detached,1212.0,,607100.0,185200.0,2351.202,5878.005000000001,35,4666.005000000001,20.6192407117721,underdeveloped,estimated_from_improvement_value,265056.3243013574,933201.0000000002,high,152.83,136.62,169.03,12,,,
23039014,"3812 9Th St S, Arlington VA 22204",Alcova Heights,R-6,True,10947.0,50.1,False,1940.0,511-Single Family Detached,1225.0,,710700.0,187200.0,2520.0,6300.0,35,5075.0,19.444444444444446,underdeveloped,estimated_from_improvement_value,314879.5833333334,1015000.0,high,152.83,136.62,169.03,12,,,
23039012,"3820 9Th St S, Arlington VA 22204",Alcova Heights,R-6,True,10947.0,50.3,False,1939.0,511-Single Family Detached,999.0,,710700.0,152700.0,2520.0,6300.0,35,5301.0,15.857142857142856,underdeveloped,estimated_from_improvement_value,328901.8071428572,1060200.0,high,152.83,136.62,169.03,12,,,
23039011,"3824 9Th St S, Arlington VA 22204",Alcova Heights,R-6,True,10947.0,50.2,False,1940.0,511-Single Family Detached,988.0,,710700.0,151000.0,2520.0,6300.0,35,5312.0,15.682539682539682,underdeveloped,estimated_from_improvement_value,329584.3047619048,1062400.0,high,152.83,136.62,169.03,12,,,
23039010,"3828 9Th St S, Arlington VA 22204",Alcova Heights,R-6,True,10947.0,50.3,False,1935.0,511-Single Family Detached,2080.0,,710700.0,317900.0,2520.0,6300.0,35,4220.0,33.01587301587301,underdeveloped,estimated_from_improvement_value,261830.9047619048,844000.0,high,152.83,136.62,169.03,12,,,
23031015,"3600 8Th St S, Arlington VA 22204",Alcova Heights,R-6,False,8127.0,49.5,False,1925.0,511-Single Family Detached,745.0,,659900.0,113900.0,2438.1,6095.25,35,5350.25,12.222632377671138,underdeveloped,estimated_from_improvement_value,318583.5669168615,1070050.0,high,152.83,136.62,169.03,12,,,
23026019,"3801 8Th St S, Arlington VA 22204",Alcova Heights,R-6,False,10000.0,98.1,True,1904.0,511-Single Family Detached,928.0,,693600.0,141800.0,2520.0,6300.0,35,5372.0,14.73015873015873,underdeveloped,estimated_from_improvement_value,325287.3904761905,1074400.0,high,152.83,136.62,169.03,12,,,
23031017,"826 S Monroe St, Arlington VA 22204",Alcova Heights,R-6,False,9266.0,50.4,False,1941.0,511-Single Family Detached,699.0,,680400.0,106900.0,2520.0,6300.0,35,5601.0,11.095238095238095,underdeveloped,estimated_from_improvement_value,332699.4,1120200.0,high,152.83,136.62,169.03,12,,,
23031018,"830 S Monroe St, Arlington VA 22204",Alcova Heights,R-6,False,5050.4,53.1,False,1939.0,511-Single Family Detached,2312.0,,603600.0,353400.0,1515.12,3787.7999999999997,35,1475.7999999999997,61.03806959184751,underdeveloped,estimated_from_improvement_value,129345.81656898464,295159.99999999994,high,152.83,136.62,169.03,12,,,
23031031,"3713 9Th St S, Arlington VA 22204",Alcova Heights,R-6,False,11214.0,98.4,True,1920.0,511-Single Family Detached,3118.0,,715500.0,476600.0,2520.0,6300.0,35,3182.0,49.492063492063494,underdeveloped,estimated_from_improvement_value,198761.35714285713,636400.0,high,152.83,136.62,169.03,12,,,
23039018,"3716 9Th St S, Arlington VA 22204",Alcova Heights,R-5,False,6969.0,50.0,True,1930.0,511-Single Family Detached,1716.0,,639100.0,262300.0,2369.46,5923.65,35,4207.65,28.96862576283204,underdeveloped,estimated_from_improvement_value,249678.83201235728,841529.9999999999,high,152.83,136.62,169.03,12,,,
23029029,"826 S Glebe Rd, Arlington VA 22204",Alcova Heights,R-5,True,9398.0,45.6,False,1980.0,511-Single Family Detached,1024.0,,614500.0,156500.0,2380.0,5950.0,35,4926.0,17.210084033613445,underdeveloped,estimated_from_improvement_value,279809.218487395,985200.0,high,152.83,136.62,169.03,12,,,
23029006,"819 S Lincoln St, Arlington VA 22204",Alcova Heights,R-6,True,10968.0,46.4,False,2016.0,511-Single Family Detached,5414.0,,711100.0,827400.0,2520.0,6300.0,35,886.0,85.93650793650794,near-capacity,estimated_from_improvement_value,55003.02063492064,177200.0,high,152.83,136.62,169.03,12,,,
23029005,"823 S Lincoln St, Arlington VA 22204",Alcova Heights,R-6,True,10702.0,46.3,False,1923.0,511-Single Family Detached,3572.0,,706300.0,545900.0,2520.0,6300.0,35,2728.0,56.6984126984127,underdeveloped,estimated_from_improvement_value,168211.51111111112,545600.0,high,152.83,136.62,169.03,12,,,
23030014,"820 S Lincoln St, Arlington VA 22204",Alcova Heights,R-6,False,7599.0,44.3,False,1948.0,511-Single Family Detached,652.0,,650400.0,99700.0,2279.7,5699.25,35,5047.25,11.440101767776461,underdeveloped,estimated_from_improvement_value,316796.4679563101,1009450.0,high,152.83,136.62,169.03,12,,,
23029004,"827 S Lincoln St, Arlington VA 22204",Alcova Heights,R-6,True,10436.0,46.4,False,1994.0,511-Single Family Detached,2087.0,,701500.0,319000.0,2520.0,6300.0,35,4213.0,33.12698412698413,underdeveloped,estimated_from_improvement_value,258012.81349206355,842600.0,high,152.83,136.62,169.03,12,,,
23029003,"831 S Lincoln St, Arlington VA 22204",Alcova Heights,R-6,True,10170.0,46.0,False,1954.0,511-Single Family Detached,831.0,,696700.0,127000.0,2520.0,6300.0,35,5469.0,13.190476190476192,underdeveloped,estimated_from_improvement_value,332641.0738095238,1093800.0,high,152.83,136.62,169.03,12,,,
23030004,"821 S Monroe St, Arlington VA 22204",Alcova Heights,R-6,False,7398.0,44.9,False,1963.0,511-Single Family Detached,1150.0,,646800.0,175700.0,2219.4,5548.5,35,4398.5,20.726322429485446,underdeveloped,estimated_from_improvement_value,282008.1805893485,879700.0,high,152.83,136.62,169.03,12,,,
23029020,"838 S Glebe Rd, Arlington VA 22204",Alcova Heights,R-5,False,8328.0,45.3,False,2012.0,511-Single Family Detached,5132.0,,597200.0,784300.0,2380.0,5950.0,35,818.0,86.25210084033613,near-capacity,estimated_from_improvement_value,45156.34957983194,163600.0,high,152.83,136.62,169.03,12,,,
23030024,"825 S Monroe St, Arlington VA 22204",Alcova Heights,R-6,False,7398.0,45.2,False,1924.0,511-Single Family Detached,1854.0,,646800.0,283300.0,2219.4,5548.5,35,3694.5,33.41443633414436,underdeveloped,estimated_from_improvement_value,236871.48418491485,738900.0,high,152.83,136.62,169.03,12,,,
23030017,"830 S Lincoln St, Arlington VA 22204",Alcova Heights,R-6,False,7030.0,61.0,True,1942.0,511-Single Family Detached,891.0,,640200.0,136100.0,2109.0,5272.5,35,4381.5,16.89900426742532,underdeveloped,estimated_from_improvement_value,292606.91607396875,876300.0,high,152.83,136.62,169.03,12,,,
23030016,"S Lincoln St, Arlington VA 22204",Alcova Heights,R-6,False,5156.0,50.6,False,,510-Res - Vacant(SF & Twnhse),,,36100.0,0.0,1546.8,3867.0,35,3867.0,0.0,vacant,not_available,19855.0,773400.0,medium,152.83,136.62,169.03,12,confirmed,Vacant likely buildable lot confirmed on S Lincoln St,2026-02-19
23030018,"834 S Lincoln St, Arlington VA 22204",Alcova Heights,R-6,False,6368.0,58.1,False,1941.0,511-Single Family Detached,1922.0,,628300.0,293800.0,1910.3999999999999,4776.0,35,2854.0,40.2428810720268,underdeveloped,estimated_from_improvement_value,206499.6880234506,570800.0,high,152.83,136.62,169.03,12,,,
23030019,"838 S Lincoln St, Arlington VA 22204",Alcova Heights,R-6,False,6249.6,60.1,True,1939.0,511-Single Family Detached,932.0,,624500.0,142400.0,1874.88,4687.200000000001,35,3755.2000000000007,19.883939238777945,underdeveloped,estimated_from_improvement_value,275178.63969960745,751040.0000000001,high,152.83,136.62,169.03,12,,,
23030021,"3511 9Th St S, Arlington VA 22204",Alcova Heights,R-6,False,11490.0,52.6,False,1930.0,511-Single Family Detached,843.0,,720500.0,128900.0,2520.0,6300.0,35,5457.0,13.380952380952383,underdeveloped,estimated_from_improvement_value,343249.630952381,1091400.0,high,152.83,136.62,169.03,12,,,
23030025,"844 S Lincoln St, Arlington VA 22204",Alcova Heights,R-6,False,6111.0,59.1,False,1978.0,511-Single Family Detached,2064.0,,623600.0,315500.0,1833.3,4583.25,35,2519.25,45.0335460644739,underdeveloped,estimated_from_improvement_value,188523.94370806744,503850.0,high,152.83,136.62,169.03,12,,,
23031020,"838 S Monroe St, Arlington VA 22204",Alcova Heights,R-6,False,5000.0,52.3,False,1939.0,511-Single Family Detached,670.0,,603600.0,102400.0,1500.0,3750.0,35,3080.0,17.866666666666667,underdeveloped,estimated_from_improvement_value,272666.24000000005,616000.0,high,152.83,136.62,169.03,12,,,
23031021,"842 S Monroe St, Arlington VA 22204",Alcova Heights,R-6,False,5000.0,51.9,False,1939.0,511-Single Family Detached,2967.0,,603600.0,453400.0,1500.0,3750.0,35,783.0,79.12,underdeveloped,estimated_from_improvement_value,69317.42400000001,156600.0,high,152.83,136.62,169.03,12,,,
23041005,"904 S Glebe Rd, Arlington VA 22204",Alcova Heights,R-5,True,5873.0,49.5,False,1926.0,511-Single Family Detached,832.0,,557400.0,127200.0,1996.8200000000002,4992.05,35,4160.05,16.66649973457798,underdeveloped,estimated_from_improvement_value,255475.51176370433,832010.0,high,152.83,136.62,169.03,12,,,
23039024,"3608 9Th St S, Arlington VA 22204",Alcova Heights,R-5,False,6471.0,42.1,False,1955.0,511-Single Family Detached,759.0,,630100.0,116000.0,2200.1400000000003,5500.35,35,4741.35,13.799121874062559,underdeveloped,estimated_from_improvement_value,298733.4531893426,948270.0000000001,high,152.83,136.62,169.03,12,,,
23039078,"902 S Monroe St, Arlington VA 22204",Alcova Heights,R-5,False,5114.0,49.0,False,1986.0,511-Single Family Detached,3603.0,,605700.0,550700.0,1738.7600000000002,4346.900000000001,35,743.9000000000005,82.88665485748463,near-capacity,estimated_from_improvement_value,57010.542340518565,148780.00000000012,high,152.83,136.62,169.03,12,,,
23039079,"904 S Monroe St, Arlington VA 22204",Alcova Heights,R-5,False,5114.0,48.9,False,1986.0,511-Single Family Detached,2348.0,,605700.0,358900.0,1738.7600000000002,4346.900000000001,35,1998.9000000000005,54.01550530262945,underdeveloped,estimated_from_improvement_value,153190.44641008537,399780.0000000001,high,152.83,136.62,169.03,12,,,
23039026,"912 S Monroe St, Arlington VA 22204",Alcova Heights,R-5,True,6935.0,66.2,True,1905.0,511-Single Family Detached,643.0,,606600.0,98200.0,2357.9,5894.75,35,5251.75,10.908011366046058,underdeveloped,estimated_from_improvement_value,297237.60167946055,1050350.0,high,152.83,136.62,169.03,12,,,
23029002,"835 S Lincoln St, Arlington VA 22204",Alcova Heights,R-6,True,9904.0,46.2,False,1923.0,511-Single Family Detached,1289.0,,691900.0,197000.0,2520.0,6300.0,35,5011.0,20.46031746031746,underdeveloped,estimated_from_improvement_value,302684.28492063493,1002200.0,high,152.83,136.62,169.03,12,,,
23030026,"3503 9Th St S, Arlington VA 22204",Alcova Heights,R-6,False,6957.0,69.9,True,1930.0,511-Single Family Detached,1074.0,,638900.0,164100.0,2087.1,5217.75,35,4143.75,20.5835848785396,underdeveloped,estimated_from_improvement_value,279065.3119160558,828750.0,high,152.83,136.62,169.03,12,,,
23041008,"902 S Glebe Rd, Arlington VA 22204",Alcova Heights,R-5,False,7165.0,58.7,True,1935.0,511-Single Family Detached,849.0,,578300.0,129700.0,2380.0,5950.0,35,5101.0,14.26890756302521,underdeveloped,estimated_from_improvement_value,272680.5991596639,1020200.0,high,152.83,136.62,169.03,12,,,
23041010,"3424 9Th St S, Arlington VA 22204",Alcova Heights,R-5,True,7787.0,69.5,True,1930.0,511-Single Family Detached,2425.0,,653800.0,370600.0,2380.0,5950.0,35,3525.0,40.7563025210084,underdeveloped,estimated_from_improvement_value,213034.4117647059,705000.0,high,152.83,136.62,169.03,12,,,
23041011,"S Lincoln St, Arlington VA 22204",Alcova Heights,R-5,True,1900.0,22.0,False,1984.0,310-Apartment Parking,5000.0,4.0,480300.0,0.0,646.0,1615.0,35,-3385.0,309.59752321981426,overdeveloped,property_api,,,not_applicable,152.83,136.62,169.03,12,,,
23039077,"900 S Monroe St, Arlington VA 22204",Alcova Heights,R-5,False,5078.0,48.7,False,1986.0,511-Single Family Detached,1015.0,,605000.0,155100.0,1726.5200000000002,4316.3,35,3301.3,23.51551097004379,underdeveloped,estimated_from_improvement_value,254502.13724717931,660260.0,high,152.83,136.62,169.03,12,,,
23030022,"3513 9Th St S, Arlington VA 22204",Alcova Heights,R-6,False,10815.0,49.4,False,1930.0,511-Single Family Detached,567.0,,708300.0,86700.0,2520.0,6300.0,35,5733.0,9.0,underdeveloped,estimated_from_improvement_value,354504.15,1146600.0,high,152.83,136.62,169.03,12,,,
23030030,"3517 9Th St S, Arlington VA 22204",Alcova Heights,R-6,False,7827.0,50.7,False,1925.0,511-Single Family Detached,3079.0,,654500.0,470500.0,2348.1,5870.25,35,2791.25,52.45091776329799,underdeveloped,estimated_from_improvement_value,171164.80878156808,558250.0,high,152.83,136.62,169.03,12,,,
23030003,"831 S Monroe St, Arlington VA 22204",Alcova Heights,R-6,False,7734.0,47.6,False,1957.0,511-Single Family Detached,830.0,,652800.0,126900.0,2320.2,5800.5,35,4970.5,14.309111283510042,underdeveloped,estimated_from_improvement_value,307664.56684768555,994100.0,high,152.83,136.62,169.03,12,,,
23030002,"835 S Monroe St, Arlington VA 22204",Alcova Heights,R-6,False,7734.0,48.1,False,1969.0,511-Single Family Detached,974.0,,652800.0,148900.0,2320.2,5800.5,35,4826.5,16.79165589173347,underdeveloped,estimated_from_improvement_value,298751.23868632014,965300.0,high,152.83,136.62,169.03,12,,,
23030032,"839 S Monroe St, Arlington VA 22204",Alcova Heights,R-6,False,6616.0,63.0,True,1998.0,511-Single Family Detached,3382.0,,632700.0,516800.0,1984.8,4962.0,35,1580.0,68.15800080612657,underdeveloped,estimated_from_improvement_value,110805.38089480049,316000.0,high,152.83,136.62,169.03,12,,,
23033005,"902 S Randolph St, Arlington VA 22204",Alcova Heights,R-6,True,12623.0,60.8,True,1952.0,511-Single Family Detached,817.0,,740800.0,124900.0,2520.0,6300.0,35,5483.0,12.968253968253968,underdeveloped,estimated_from_improvement_value,354602.14603174606,1096600.0,high,152.83,136.62,169.03,12,,,
23033006,"904 S Randolph St, Arlington VA 22204",Alcova Heights,R-6,True,12682.0,60.9,True,2023.0,511-Single Family Detached,6570.0,,741900.0,1004100.0,2520.0,6300.0,35,-270.0,104.28571428571429,overdeveloped,estimated_from_improvement_value,,,not_applicable,152.83,136.62,169.03,12,,,
23033007,"906 S Randolph St, Arlington VA 22204",Alcova Heights,R-6,True,15131.0,72.3,True,1948.0,511-Single Family Detached,1004.0,,786000.0,153400.0,2520.0,6300.0,35,5296.0,15.936507936507937,underdeveloped,estimated_from_improvement_value,363406.4761904762,1059200.0,high,152.83,136.62,169.03,12,,,
23033050,"908 S Randolph St, Arlington VA 22204",Alcova Heights,R-6,True,10412.0,49.7,False,1964.0,511-Single Family Detached,3096.0,,701000.0,473200.0,2520.0,6300.0,35,3204.0,49.142857142857146,underdeveloped,estimated_from_improvement_value,196079.7142857143,640800.0,high,152.83,136.62,169.03,12,,,
23039009,"3832 9Th St S, Arlington VA 22204",Alcova Heights,R-6,True,10947.0,50.2,False,1935.0,511-Single Family Detached,1893.0,,710700.0,289300.0,2520.0,6300.0,35,4407.0,30.047619047619044,underdeveloped,estimated_from_improvement_value,273433.3642857143,881400.0,high,152.83,136.62,169.03,12,,,
23039007,"3904 9Th St S, Arlington VA 22204",Alcova Heights,R-6,True,10947.0,50.1,False,1939.0,511-Single Family Detached,893.0,,710700.0,136500.0,2520.0,6300.0,35,5407.0,14.174603174603176,underdeveloped,estimated_from_improvement_value,335478.60238095245,1081400.0,high,152.83,136.62,169.03,12,,,
23039155,"3912 9Th St S, Arlington VA 22204",Alcova Heights,R-6,True,10947.0,50.1,False,1999.0,511-Single Family Detached,3368.0,,710700.0,514700.0,2520.0,6300.0,35,2932.0,53.46031746031746,underdeveloped,estimated_from_improvement_value,181916.6380952381,586400.0,high,152.83,136.62,169.03,12,,,
23033024,"4012 9Th St S, Arlington VA 22204",Alcova Heights,R-6,False,7980.0,74.0,True,1964.0,511-Single Family Detached,1046.0,,657300.0,159800.0,2394.0,5985.0,35,4939.0,17.47702589807853,underdeveloped,estimated_from_improvement_value,298332.9298245614,987800.0,high,152.83,136.62,169.03,12,,,
23039157,"904 S Oakland St, Arlington VA 22204",Alcova Heights,R-6,False,7415.0,72.8,True,2003.0,511-Single Family Detached,4127.0,,582400.0,630800.0,2224.5,5561.25,35,1434.25,74.20993481681276,underdeveloped,estimated_from_improvement_value,82610.73679478536,286850.0,high,152.83,136.62,169.03,12,,,
23033033,"918 S Quincy St, Arlington VA 22204",Alcova Heights,R-6,True,9750.0,65.0,True,1935.0,511-Single Family Detached,1069.0,,689100.0,163300.0,2520.0,6300.0,35,5231.0,16.96825396825397,underdeveloped,estimated_from_improvement_value,314694.4690476191,1046200.0,high,152.83,136.62,169.03,12,,,
23033028,"911 S Randolph St, Arlington VA 22204",Alcova Heights,R-6,True,13320.0,112.1,True,1925.0,511-Single Family Detached,684.0,,715700.0,104600.0,2520.0,6300.0,35,5616.0,10.857142857142858,underdeveloped,estimated_from_improvement_value,350897.48571428575,1123200.0,high,152.83,136.62,169.03,12,confirmed,Developed single-family lot confirmed for inclusion; split-zone flag does not affect analysis,2026-02-19
23033069,"905 S Randolph St, Arlington VA 22204",Alcova Heights,R-6,False,6637.0,66.1,True,1980.0,511-Single Family Detached,2297.0,,633100.0,351100.0,1991.1,4977.75,35,2680.75,46.145346793229876,underdeveloped,estimated_from_improvement_value,187524.59519863396,536150.0,high,152.83,136.62,169.03,12,,,
23033036,"912 S Quincy St, Arlington VA 22204",Alcova Heights,R-6,False,10640.0,95.4,True,1931.0,511-Single Family Detached,1690.0,,705200.0,258300.0,2520.0,6300.0,35,4610.0,26.825396825396826,underdeveloped,estimated_from_improvement_value,283815.0158730159,922000.0,high,152.83,136.62,169.03,12,,,
23033068,"909 S Randolph St, Arlington VA 22204",Alcova Heights,R-6,False,5000.0,49.7,False,1980.0,511-Single Family Detached,2030.0,,603600.0,310200.0,1500.0,3750.0,35,1720.0,54.13333333333333,underdeveloped,estimated_from_improvement_value,152268.16000000003,344000.0,high,152.83,136.62,169.03,12,,,
23003049,"4202 Arlington Blvd, Arlington VA 22204",Alcova Heights,R-6,True,9048.0,45.6,False,2008.0,511-Single Family Detached,5074.0,,618000.0,775500.0,2520.0,6300.0,35,1226.0,80.53968253968254,near-capacity,estimated_from_improvement_value,66145.61904761905,245200.0,high,152.83,136.62,169.03,12,,,
23028001,"3525 8Th St S, Arlington VA 22204",Alcova Heights,R-6,False,8008.0,49.1,False,1930.0,511-Single Family Detached,1817.0,,657800.0,277700.0,2402.4,6006.0,35,4189.0,30.253080253080256,underdeveloped,estimated_from_improvement_value,252337.38095238095,837800.0,high,152.83,136.62,169.03,12,,,
23028023,"3521 8Th St S, Arlington VA 22204",Alcova Heights,R-6,False,8011.0,49.2,False,1940.0,511-Single Family Detached,2282.0,,657800.0,348800.0,2403.2999999999997,6008.249999999999,35,3726.249999999999,37.981109308034796,underdeveloped,estimated_from_improvement_value,224378.14463446094,745249.9999999998,high,152.83,136.62,169.03,12,,,
23028022,"3517 8Th St S, Arlington VA 22204",Alcova Heights,R-6,False,8015.0,49.3,False,1930.0,511-Single Family Detached,1053.0,,657900.0,161000.0,2404.5,6011.25,35,4958.25,17.51715533374922,underdeveloped,estimated_from_improvement_value,298460.04928259517,991650.0,high,152.83,136.62,169.03,12,,,
23028019,"3511 8Th St S, Arlington VA 22204",Alcova Heights,R-6,False,7020.0,49.3,False,1940.0,511-Single Family Detached,1388.0,,640000.0,212200.0,2106.0,5265.0,35,3877.0,26.362773029439694,underdeveloped,estimated_from_improvement_value,259203.0389363723,775400.0,high,152.83,136.62,169.03,12,,,
23028009,"708 S Lincoln St, Arlington VA 22204",Alcova Heights,R-6,False,8661.0,58.4,False,2023.0,511-Single Family Detached,6265.0,,603500.0,957500.0,2520.0,6300.0,35,35.0,99.44444444444444,near-capacity,estimated_from_improvement_value,1844.027777777778,7000.0,medium,152.83,136.62,169.03,12,,,
23028018,"3507 8Th St S, Arlington VA 22204",Alcova Heights,R-6,False,8700.0,53.9,False,1940.0,511-Single Family Detached,1171.0,,670200.0,179000.0,2520.0,6300.0,35,5129.0,18.58730158730159,underdeveloped,estimated_from_improvement_value,300095.3476190476,1025800.0,high,152.83,136.62,169.03,12,,,
23028002,"3530 7Th St S, Arlington VA 22204",Alcova Heights,R-6,False,8000.0,49.8,False,1950.0,511-Single Family Detached,2109.0,,657600.0,322300.0,2400.0,6000.0,35,3891.0,35.15,underdeveloped,estimated_from_improvement_value,234549.48,778200.0,high,152.83,136.62,169.03,12,,,
23028005,"3518 7Th St S, Arlington VA 22204",Alcova Heights,R-6,False,7981.0,49.9,False,1940.0,511-Single Family Detached,769.0,,657300.0,117500.0,2394.2999999999997,5985.749999999999,35,5216.749999999999,12.847178716117448,underdeveloped,estimated_from_improvement_value,315070.521864428,1043349.9999999998,high,152.83,136.62,169.03,12,,,
23028006,"3514 7Th St S, Arlington VA 22204",Alcova Heights,R-6,False,5277.0,50.0,False,1933.0,511-Single Family Detached,760.0,,608600.0,116200.0,1583.1,3957.75,35,3197.75,19.20282989072074,underdeveloped,estimated_from_improvement_value,270452.3675067905,639550.0,high,152.83,136.62,169.03,12,,,
23028007,"3512 7Th St S, Arlington VA 22204",Alcova Heights,R-6,False,5027.0,50.0,False,1940.0,511-Single Family Detached,1218.0,,604100.0,186100.0,1508.1,3770.25,35,2552.25,32.30555002983887,underdeveloped,estimated_from_improvement_value,224918.1947483589,510450.0,high,152.83,136.62,169.03,12,,,
23028008,"3500 7Th St S, Arlington VA 22204",Alcova Heights,R-6,False,5146.0,51.2,False,1941.0,511-Single Family Detached,1952.0,,606300.0,298400.0,1543.8,3859.5,35,1907.5,50.576499546573395,underdeveloped,estimated_from_improvement_value,164810.07578701907,381500.0,high,152.83,136.62,169.03,12,,,
23028011,"3428 7Th St S, Arlington VA 22204",Alcova Heights,R-6,False,6485.0,59.7,False,1945.0,511-Single Family Detached,2173.0,,630400.0,332100.0,1945.5,4863.75,35,2690.75,44.677460806990496,underdeveloped,estimated_from_improvement_value,191814.3078900026,538150.0,high,152.83,136.62,169.03,12,,,
23028003,"3526 7Th St S, Arlington VA 22204",Alcova Heights,R-6,False,7987.0,49.8,False,1935.0,511-Single Family Detached,1228.0,,657400.0,187700.0,2396.1,5990.25,35,4762.25,20.4999791327574,underdeveloped,estimated_from_improvement_value,287448.2254496891,952450.0,high,152.83,136.62,169.03,12,,,
23028004,"3524 7Th St S, Arlington VA 22204",Alcova Heights,R-6,False,7984.0,49.9,False,1925.0,511-Single Family Detached,4657.0,,657300.0,711800.0,2395.2,5988.0,35,1331.0,77.77221108884436,underdeveloped,estimated_from_improvement_value,80356.79108216433,266200.0,high,152.83,136.62,169.03,12,,,
23017007,"3713 7Th St S, Arlington VA 22204",Alcova Heights,R-6,False,6716.0,60.9,True,1938.0,511-Single Family Detached,2215.0,,634500.0,338500.0,2014.8,5037.0,35,2822.0,43.97458804844153,underdeveloped,estimated_from_improvement_value,195514.6813579512,564400.0,high,152.83,136.62,169.03,12,,,
23017010,"3708 6Th St S, Arlington VA 22204",Alcova Heights,R-6,False,8138.0,49.0,False,1940.0,511-Single Family Detached,1266.0,,660100.0,193500.0,2441.4,6103.5,35,4837.5,20.742197100024576,underdeveloped,estimated_from_improvement_value,287749.4163185058,967500.0,high,152.83,136.62,169.03,12,,,
23017011,"3704 6Th St S, Arlington VA 22204",Alcova Heights,R-6,False,8138.0,49.0,False,1938.0,511-Single Family Detached,991.0,,660100.0,151400.0,2441.4,6103.5,35,5112.5,16.23658556565905,underdeveloped,estimated_from_improvement_value,304107.2642745966,1022500.0,high,152.83,136.62,169.03,12,,,
23017009,"615 S Oakland St, Arlington VA 22204",Alcova Heights,R-6,False,6167.0,49.5,False,1940.0,511-Single Family Detached,1410.0,,624600.0,215500.0,1850.1,4625.25,35,3215.25,30.484838657369874,underdeveloped,estimated_from_improvement_value,238805.43376033727,643050.0,high,152.83,136.62,169.03,12,,,
23017006,"3703 7Th St S, Arlington VA 22204",Alcova Heights,R-6,False,8138.0,49.0,False,2007.0,511-Single Family Detached,6726.0,,660100.0,1027900.0,2441.4,6103.5,35,-622.5,110.19906610960923,overdeveloped,estimated_from_improvement_value,,,not_applicable,152.83,136.62,169.03,12,,,
23017014,"3622 6Th St S, Arlington VA 22204",Alcova Heights,R-6,False,8138.0,49.0,False,1938.0,511-Single Family Detached,1303.0,,660100.0,199100.0,2441.4,6103.5,35,4800.5,21.348406651921028,underdeveloped,estimated_from_improvement_value,285548.5422298681,960100.0,high,152.83,136.62,169.03,12,,,
23017004,"3615 7Th St S, Arlington VA 22204",Alcova Heights,R-6,False,12207.0,73.3,True,1922.0,511-Single Family Detached,1547.0,,733400.0,236500.0,2520.0,6300.0,35,4753.0,24.555555555555557,underdeveloped,estimated_from_improvement_value,304320.25555555563,950600.0,high,152.83,136.62,169.03,12,,,
23017015,"3618 6Th St S, Arlington VA 22204",Alcova Heights,R-6,False,8138.0,49.0,False,1938.0,511-Single Family Detached,2034.0,,660100.0,310900.0,2441.4,6103.5,35,4069.5,33.32514131236176,underdeveloped,estimated_from_improvement_value,242066.40820840505,813900.0,high,152.83,136.62,169.03,12,,,
23017002,"3609 7Th St S, Arlington VA 22204",Alcova Heights,R-6,False,6101.0,36.8,False,1937.0,511-Single Family Detached,2950.0,,623400.0,450900.0,1830.3,4575.75,35,1625.75,64.47030541441295,underdeveloped,estimated_from_improvement_value,121820.66382560236,325150.0,high,152.83,136.62,169.03,12,,,
23017017,"3610 6Th St S, Arlington VA 22204",Alcova Heights,R-6,False,8136.6,49.3,False,1938.0,511-Single Family Detached,1140.0,,660100.0,174200.0,2440.98,6102.45,35,4962.45,18.681021556915667,underdeveloped,estimated_from_improvement_value,295232.6171865398,992490.0,high,152.83,136.62,169.03,12,,,
23017001,"3601 7Th St S, Arlington VA 22204",Alcova Heights,R-6,False,12207.0,73.3,True,1949.0,511-Single Family Detached,975.0,,733400.0,149000.0,2520.0,6300.0,35,5325.0,15.476190476190476,underdeveloped,estimated_from_improvement_value,340943.69047619053,1065000.0,high,152.83,136.62,169.03,12,,,
23040010,"3520 9Th St S, Arlington VA 22204",Alcova Heights,R-5,False,5615.0,51.2,True,1925.0,511-Single Family Detached,822.0,,614700.0,125700.0,1909.1000000000001,4772.75,35,3950.75,17.22277512964224,underdeveloped,estimated_from_improvement_value,279857.380702949,790150.0,high,152.83,136.62,169.03,12,,,
23040006,"3508 9Th St S, Arlington VA 22204",Alcova Heights,R-5,True,8136.0,51.3,True,1925.0,511-Single Family Detached,879.0,,660100.0,134300.0,2380.0,5950.0,35,5071.0,14.77310924369748,underdeveloped,estimated_from_improvement_value,309420.4882352941,1014200.0,high,152.83,136.62,169.03,12,,,
23032073,"835 S Quincy St, Arlington VA 22204",Alcova Heights,R-6,False,6001.0,59.7,False,1988.0,511-Single Family Detached,2132.0,,621600.0,325800.0,1800.3,4500.75,35,2368.75,47.36988279731156,underdeveloped,estimated_from_improvement_value,179931.84469255124,473750.0,high,152.83,136.62,169.03,12,,,
23032044,"3911 9Th St S, Arlington VA 22204",Alcova Heights,R-6,False,10448.0,79.2,True,1920.0,511-Single Family Detached,2475.0,,701700.0,378200.0,2520.0,6300.0,35,3825.0,39.285714285714285,underdeveloped,estimated_from_improvement_value,234317.67857142858,765000.0,high,152.83,136.62,169.03,12,,,
23032002,"829 S Quincy St, Arlington VA 22204",Alcova Heights,R-6,False,8221.0,81.8,True,1947.0,511-Single Family Detached,1187.0,,661600.0,181400.0,2466.2999999999997,6165.749999999999,35,4978.749999999999,19.25151035964806,underdeveloped,estimated_from_improvement_value,293827.60410331265,995749.9999999998,high,152.83,136.62,169.03,12,,,
23032040,"3919 9Th St S, Arlington VA 22204",Alcova Heights,R-6,False,12414.0,50.3,False,1974.0,511-Single Family Detached,2457.0,,737100.0,375500.0,2520.0,6300.0,35,3843.0,39.0,underdeveloped,estimated_from_improvement_value,247297.05000000002,768600.0,high,152.83,136.62,169.03,12,,,
23032039,"3915 9Th St S, Arlington VA 22204",Alcova Heights,R-6,False,15681.0,50.3,False,2003.0,511-Single Family Detached,2452.0,,795900.0,374800.0,2520.0,6300.0,35,3848.0,38.920634920634924,underdeveloped,estimated_from_improvement_value,267371.86666666664,769600.0,high,152.83,136.62,169.03,12,,,
23032026,"846 S Oakland St, Arlington VA 22204",Alcova Heights,R-6,False,7539.0,50.0,False,1937.0,511-Single Family Detached,722.0,,649300.0,110300.0,2261.7,5654.25,35,4932.25,12.76915594464341,underdeveloped,estimated_from_improvement_value,311514.4287482867,986450.0,high,152.83,136.62,169.03,12,,,
23032036,"3903 9Th St S, Arlington VA 22204",Alcova Heights,R-6,False,15681.0,50.3,False,2023.0,511-Single Family Detached,6198.0,,795900.0,947300.0,2520.0,6300.0,35,102.0,98.38095238095238,near-capacity,estimated_from_improvement_value,7087.3,20400.0,medium,152.83,136.62,169.03,12,,,
23032035,"3837 9Th St S, Arlington VA 22204",Alcova Heights,R-6,False,15681.0,50.3,False,1947.0,511-Single Family Detached,800.0,,795900.0,122200.0,2520.0,6300.0,35,5500.0,12.698412698412698,underdeveloped,estimated_from_improvement_value,382158.3333333333,1100000.0,high,152.83,136.62,169.03,12,,,
23032034,"3833 9Th St S, Arlington VA 22204",Alcova Heights,R-6,False,15681.0,50.3,False,1961.0,511-Single Family Detached,1259.0,,795900.0,192400.0,2520.0,6300.0,35,5041.0,19.984126984126984,underdeveloped,estimated_from_improvement_value,350265.48333333334,1008200.0,high,152.83,136.62,169.03,12,,,
23032025,"842 S Oakland St, Arlington VA 22204",Alcova Heights,R-6,False,7539.0,50.0,False,1938.0,511-Single Family Detached,908.0,,649300.0,138700.0,2261.7,5654.25,35,4746.25,16.058716894371493,underdeveloped,estimated_from_improvement_value,299766.91316266527,949250.0,high,152.83,136.62,169.03,12,,,
23032005,"815 S Quincy St, Arlington VA 22204",Alcova Heights,R-6,False,7561.0,40.0,False,1939.0,511-Single Family Detached,2677.0,,649700.0,409100.0,2268.2999999999997,5670.749999999999,35,2993.749999999999,47.207159546797165,underdeveloped,estimated_from_improvement_value,188647.29643345234,598749.9999999998,high,152.83,136.62,169.03,12,,,
23032029,"3813 9Th St S, Arlington VA 22204",Alcova Heights,R-6,False,13193.0,50.3,False,1922.0,511-Single Family Detached,1178.0,,751100.0,180000.0,2520.0,6300.0,35,5122.0,18.698412698412696,underdeveloped,estimated_from_improvement_value,335860.92222222226,1024400.0,high,152.83,136.62,169.03,12,,,
23032031,"9Th St S, Arlington VA 22204",Alcova Heights,R-6,False,15681.0,50.3,False,,510-Res - Vacant(SF & Twnhse),,,716300.0,0.0,2520.0,6300.0,35,6300.0,0.0,vacant,not_available,393965.00000000006,1260000.0,high,152.83,136.62,169.03,12,confirmed,Vacant buildable lot confirmed at 3821 9th St S,2026-02-19
23032024,"838 S Oakland St, Arlington VA 22204",Alcova Heights,R-6,False,7539.0,50.0,False,1936.0,511-Single Family Detached,851.0,,649300.0,130100.0,2261.7,5654.25,35,4803.25,15.050625635583852,underdeveloped,estimated_from_improvement_value,303366.95826148475,960650.0,high,152.83,136.62,169.03,12,,,
23032023,"834 S Oakland St, Arlington VA 22204",Alcova Heights,R-6,False,10027.0,49.9,False,2009.0,511-Single Family Detached,7109.0,,694100.0,1086500.0,2520.0,6300.0,35,-809.0,112.84126984126983,overdeveloped,estimated_from_improvement_value,,,not_applicable,152.83,136.62,169.03,12,,,
23032042,"805 S Quincy St, Arlington VA 22204",Alcova Heights,R-6,False,6000.0,59.7,False,1971.0,511-Single Family Detached,2399.0,,609200.0,366600.0,1800.0,4500.0,35,2101.0,53.31111111111111,underdeveloped,estimated_from_improvement_value,156435.79111111112,420200.0,high,152.83,136.62,169.03,12,,,
23032076,"3920 8Th St S, Arlington VA 22204",Alcova Heights,R-6,False,8853.0,48.4,False,2006.0,511-Single Family Detached,5276.0,,673000.0,806400.0,2520.0,6300.0,35,1024.0,83.74603174603175,near-capacity,estimated_from_improvement_value,60164.0634920635,204800.0,high,152.83,136.62,169.03,12,,,
23032022,"820 S Oakland St, Arlington VA 22204",Alcova Heights,R-6,False,9452.0,50.0,False,2023.0,511-Single Family Detached,7008.0,,683800.0,1071000.0,2520.0,6300.0,35,-708.0,111.23809523809524,overdeveloped,estimated_from_improvement_value,,,not_applicable,152.83,136.62,169.03,12,,,
23032009,"3912 8Th St S, Arlington VA 22204",Alcova Heights,R-6,False,14910.0,49.2,False,1938.0,511-Single Family Detached,1726.0,,782000.0,263800.0,2520.0,6300.0,35,4574.0,27.3968253968254,underdeveloped,estimated_from_improvement_value,312266.253968254,914800.0,high,152.83,136.62,169.03,12,,,
23032010,"3908 8Th St S, Arlington VA 22204",Alcova Heights,R-6,False,15007.0,49.4,False,1930.0,511-Single Family Detached,448.0,,783800.0,68400.0,2520.0,6300.0,35,5852.0,7.111111111111111,underdeveloped,estimated_from_improvement_value,400434.71111111116,1170400.0,high,152.83,136.62,169.03,12,,,
23032011,"3904 8Th St S, Arlington VA 22204",Alcova Heights,R-6,False,15105.0,49.6,False,1938.0,511-Single Family Detached,2535.0,,785500.0,387500.0,2520.0,6300.0,35,3765.0,40.23809523809524,underdeveloped,estimated_from_improvement_value,258186.36904761905,753000.0,high,152.83,136.62,169.03,12,,,
23032012,"3836 8Th St S, Arlington VA 22204",Alcova Heights,R-6,False,15203.0,49.7,False,2023.0,511-Single Family Detached,6950.0,,787300.0,1062200.0,2520.0,6300.0,35,-650.0,110.31746031746033,overdeveloped,estimated_from_improvement_value,,,not_applicable,152.83,136.62,169.03,12,,,
23032074,"814 S Oakland St, Arlington VA 22204",Alcova Heights,R-6,False,6921.0,60.0,True,1925.0,511-Single Family Detached,4603.0,,638200.0,703500.0,2076.2999999999997,5190.749999999999,35,587.7499999999991,88.67697346240911,near-capacity,estimated_from_improvement_value,39744.95544959779,117549.99999999983,high,152.83,136.62,169.03,12,,,
23032013,"3834 8Th St S, Arlington VA 22204",Alcova Heights,R-6,False,15393.4,50.3,False,2017.0,511-Single Family Detached,5335.0,,789000.0,815400.0,2520.0,6300.0,35,965.0,84.68253968253968,near-capacity,estimated_from_improvement_value,66470.11904761905,193000.0,high,152.83,136.62,169.03,12,,,
23032014,"3830 8Th St S, Arlington VA 22204",Alcova Heights,R-6,False,15399.0,50.0,False,1925.0,511-Single Family Detached,777.0,,790800.0,118700.0,2520.0,6300.0,35,5523.0,12.333333333333334,underdeveloped,estimated_from_improvement_value,381297.4,1104600.0,high,152.83,136.62,169.03,12,,,
23032016,"3822 8Th St S, Arlington VA 22204",Alcova Heights,R-6,False,15575.0,50.3,False,1974.0,511-Single Family Detached,2354.0,,794000.0,359700.0,2520.0,6300.0,35,3946.0,37.36507936507937,underdeveloped,estimated_from_improvement_value,273526.69841269846,789200.0,high,152.83,136.62,169.03,12,,,
23032020,"806 S Oakland St, Arlington VA 22204",Alcova Heights,R-6,False,7315.0,72.8,True,1959.0,511-Single Family Detached,1226.0,,645300.0,187400.0,2194.5,5486.25,35,4260.25,22.346776030986558,underdeveloped,estimated_from_improvement_value,275602.93984962406,852050.0,high,152.83,136.62,169.03,12,,,
23032017,"3818 8Th St S, Arlington VA 22204",Alcova Heights,R-6,False,15673.0,50.4,False,1925.0,511-Single Family Detached,1454.0,,795700.0,222200.0,2520.0,6300.0,35,4846.0,23.07936507936508,underdeveloped,estimated_from_improvement_value,336631.62063492066,969200.0,high,152.83,136.62,169.03,12,,,
23032041,"3814 8Th St S, Arlington VA 22204",Alcova Heights,R-6,False,7419.0,49.5,False,1925.0,511-Single Family Detached,2422.0,,647200.0,370100.0,2225.7,5564.25,35,3142.25,43.52787886956912,underdeveloped,estimated_from_improvement_value,201018.16237588177,628450.0,high,152.83,136.62,169.03,12,,,
23032018,"3810 8Th St S, Arlington VA 22204",Alcova Heights,R-6,False,7492.0,49.7,False,1959.0,511-Single Family Detached,1093.0,,648500.0,167000.0,2247.6,5619.0,35,4526.0,19.4518597615234,underdeveloped,estimated_from_improvement_value,287295.07919558644,905200.0,high,152.83,136.62,169.03,12,,,
23032019,"802 S Oakland St, Arlington VA 22204",Alcova Heights,R-6,False,7937.0,78.7,True,1936.0,511-Single Family Detached,738.0,,656500.0,112800.0,2381.1,5952.75,35,5214.75,12.397631346856496,underdeveloped,estimated_from_improvement_value,316310.2526143379,1042950.0,high,152.83,136.62,169.03,12,,,
23026035,"3827 8Th St S, Arlington VA 22204",Alcova Heights,R-6,False,8256.0,49.5,False,1994.0,511-Single Family Detached,3351.0,,662200.0,512200.0,2476.7999999999997,6191.999999999999,35,2840.999999999999,54.118217054263575,underdeveloped,estimated_from_improvement_value,167106.04166666666,568199.9999999998,high,152.83,136.62,169.03,12,,,
23033102,"4031 9Th St S, Arlington VA 22204",Alcova Heights,R-6,False,8866.0,71.0,True,2020.0,511-Single Family Detached,6835.0,,673200.0,1044600.0,2520.0,6300.0,35,-535.0,108.49206349206348,overdeveloped,estimated_from_improvement_value,,,not_applicable,152.83,136.62,169.03,12,,,
23033021,"4007 9Th St S, Arlington VA 22204",Alcova Heights,R-6,False,6250.0,50.0,False,1930.0,511-Single Family Detached,646.0,,626100.0,98700.0,1875.0,4687.5,35,4041.5,13.781333333333334,underdeveloped,estimated_from_improvement_value,296898.2896000001,808300.0,high,152.83,136.62,169.03,12,,,
23033019,"4015 9Th St S, Arlington VA 22204",Alcova Heights,R-6,False,8750.0,50.0,False,1952.0,511-Single Family Detached,2295.0,,671100.0,350700.0,2520.0,6300.0,35,4005.0,36.42857142857142,underdeveloped,estimated_from_improvement_value,234645.32142857142,801000.0,high,152.83,136.62,169.03,12,,,
23033022,"4001 9Th St S, Arlington VA 22204",Alcova Heights,R-6,False,6250.0,50.0,False,1920.0,511-Single Family Detached,740.0,,626100.0,113100.0,1875.0,4687.5,35,3947.5,15.786666666666665,underdeveloped,estimated_from_improvement_value,289992.8240000001,789500.0,high,152.83,136.62,169.03,12,,,
23033020,"4011 9Th St S, Arlington VA 22204",Alcova Heights,R-6,False,8750.0,50.0,False,1958.0,511-Single Family Detached,965.0,,671100.0,147500.0,2520.0,6300.0,35,5335.0,15.317460317460318,underdeveloped,estimated_from_improvement_value,312567.4880952381,1067000.0,high,152.83,136.62,169.03,12,,,
23033013,"838 S Quincy St, Arlington VA 22204",Alcova Heights,R-6,False,5000.0,50.0,False,1930.0,511-Single Family Detached,713.0,,603600.0,108900.0,1500.0,3750.0,35,3037.0,19.013333333333332,underdeveloped,estimated_from_improvement_value,268859.536,607400.0,high,152.83,136.62,169.03,12,,,
23033017,"4021 9Th St S, Arlington VA 22204",Alcova Heights,R-6,False,15600.0,50.0,False,1938.0,511-Single Family Detached,479.0,,794400.0,73200.0,2520.0,6300.0,35,5821.0,7.603174603174604,underdeveloped,estimated_from_improvement_value,403700.20952380955,1164200.0,high,152.83,136.62,169.03,12,,,
23033012,"832 S Quincy St, Arlington VA 22204",Alcova Heights,R-6,False,11280.0,60.0,True,1986.0,511-Single Family Detached,3183.0,,716700.0,486500.0,2520.0,6300.0,35,3117.0,50.523809523809526,underdeveloped,estimated_from_improvement_value,195027.72142857144,623400.0,high,152.83,136.62,169.03,12,,,
23033018,"4017 9Th St S, Arlington VA 22204",Alcova Heights,R-6,False,15600.0,50.0,False,1939.0,511-Single Family Detached,1580.0,,794400.0,241400.0,2520.0,6300.0,35,4720.0,25.07936507936508,underdeveloped,estimated_from_improvement_value,327343.2380952381,944000.0,high,152.83,136.62,169.03,12,,,
23033011,"826 S Quincy St, Arlington VA 22204",Alcova Heights,R-6,False,12220.0,65.0,True,1941.0,511-Single Family Detached,1454.0,,733600.0,222200.0,2520.0,6300.0,35,4846.0,23.07936507936508,underdeveloped,estimated_from_improvement_value,310359.3777777778,969200.0,high,152.83,136.62,169.03,12,,,
23033055,"815 S Randolph St, Arlington VA 22204",Alcova Heights,R-6,False,9675.0,66.8,True,1965.0,511-Single Family Detached,1997.0,,687800.0,305200.0,2520.0,6300.0,35,4303.0,31.6984126984127,underdeveloped,estimated_from_improvement_value,258378.0746031746,860600.0,high,152.83,136.62,169.03,12,,,
23033054,"811 S Randolph St, Arlington VA 22204",Alcova Heights,R-6,False,9382.0,63.4,True,1965.0,511-Single Family Detached,1903.0,,682500.0,290900.0,2520.0,6300.0,35,4397.0,30.20634920634921,underdeveloped,estimated_from_improvement_value,261987.91666666666,879400.0,high,152.83,136.62,169.03,12,,,
23033065,"824 S Quincy St, Arlington VA 22204",Alcova Heights,R-6,False,6006.0,60.0,True,1976.0,511-Single Family Detached,1500.0,,621700.0,229300.0,1801.8,4504.5,35,3004.5,33.3000333000333,underdeveloped,estimated_from_improvement_value,228070.53113553114,600900.0,high,152.83,136.62,169.03,12,,,
23033064,"820 S Quincy St, Arlington VA 22204",Alcova Heights,R-6,False,9598.0,48.0,False,1976.0,511-Single Family Detached,1993.0,,686400.0,304600.0,2520.0,6300.0,35,4307.0,31.634920634920633,underdeveloped,estimated_from_improvement_value,258091.84761904762,861400.0,high,152.83,136.62,169.03,12,,,
23033053,"805 S Randolph St, Arlington VA 22204",Alcova Heights,R-6,False,9577.0,63.3,True,1965.0,511-Single Family Detached,2077.0,,686000.0,317400.0,2520.0,6300.0,35,4223.0,32.96825396825397,underdeveloped,estimated_from_improvement_value,252910.77777777778,844600.0,high,152.83,136.62,169.03,12,,,
23033063,"816 S Quincy St, Arlington VA 22204",Alcova Heights,R-6,False,11963.0,38.4,False,1976.0,511-Single Family Detached,2021.0,,729000.0,308900.0,2520.0,6300.0,35,4279.0,32.07936507936508,underdeveloped,estimated_from_improvement_value,272327.7857142857,855800.0,high,152.83,136.62,169.03,12,,,
23033051,"4030 8Th St S, Arlington VA 22204",Alcova Heights,R-6,False,6287.0,70.3,True,1965.0,511-Single Family Detached,1307.0,,626800.0,199800.0,1886.1,4715.25,35,3408.25,27.71857271618684,underdeveloped,estimated_from_improvement_value,249182.9924182175,681650.0,high,152.83,136.62,169.03,12,,,
23033060,"804 S Quincy St, Arlington VA 22204",Alcova Heights,R-6,False,6354.0,63.5,True,1977.0,511-Single Family Detached,2250.0,,628000.0,343800.0,1906.1999999999998,4765.5,35,2515.5,47.21435316336166,underdeveloped,estimated_from_improvement_value,182321.62417374883,503100.0,high,152.83,136.62,169.03,12,,,
23033056,"4020 8Th St S, Arlington VA 22204",Alcova Heights,R-6,False,6196.0,60.7,True,1977.0,511-Single Family Detached,1610.0,,625200.0,246100.0,1858.8,4647.0,35,3037.0,34.6460081773187,underdeveloped,estimated_from_improvement_value,224726.23628147194,607400.0,high,152.83,136.62,169.03,12,,,
23033057,"4014 8Th St S, Arlington VA 22204",Alcova Heights,R-6,False,6600.0,55.9,False,1977.0,511-Single Family Detached,1664.0,,632400.0,254300.0,1980.0,4950.0,35,3286.0,33.61616161616162,underdeveloped,estimated_from_improvement_value,230896.26666666666,657200.0,high,152.83,136.62,169.03,12,,,
23033058,"4008 8Th St S, Arlington VA 22204",Alcova Heights,R-6,False,11877.0,96.0,True,1930.0,511-Single Family Detached,1071.0,,727400.0,163700.0,2520.0,6300.0,35,5229.0,17.0,underdeveloped,estimated_from_improvement_value,332058.10000000003,1045800.0,high,152.83,136.62,169.03,12,,,
23033059,"800 S Quincy St, Arlington VA 22204",Alcova Heights,R-6,False,6393.0,61.4,True,1977.0,511-Single Family Detached,1954.0,,628700.0,298600.0,1917.8999999999999,4794.75,35,2840.75,40.75290682517337,underdeveloped,estimated_from_improvement_value,204867.5611345743,568150.0,high,152.83,136.62,169.03,12,,,
23040012,"3504 9Th St S, Arlington VA 22204",Alcova Heights,R-5,False,7022.0,81.3,True,,200-GenCom VacLand-no siteplan,,,,,2380.0,5950.0,35,,,near-capacity,,,,not_applicable,152.83,136.62,169.03,12,,,
23032001,"3925 9Th St S, Arlington VA 22204",Alcova Heights,R-6,False,10451.0,94.0,True,1992.0,511-Single Family Detached,2961.0,,701700.0,452500.0,2520.0,6300.0,35,3339.0,47.0,underdeveloped,estimated_from_improvement_value,204545.55000000002,667800.0,high,152.83,136.62,169.03,12,,,
23019016,"4023 7Th St S, Arlington VA 22204",Alcova Heights,R-6,False,7963.0,59.8,False,1935.0,511-Single Family Detached,398.0,,657000.0,60900.0,2388.9,5972.25,35,5574.25,6.664155050441625,underdeveloped,estimated_from_improvement_value,337269.0757252292,1114850.0,high,152.83,136.62,169.03,12,,,
23019028,"4011 7Th St S, Arlington VA 22204",Alcova Heights,R-6,True,16750.0,82.1,True,1914.0,511-Single Family Detached,1627.0,,815100.0,248600.0,2520.0,6300.0,35,4673.0,25.825396825396822,underdeveloped,estimated_from_improvement_value,332528.4547619048,934600.0,high,152.83,136.62,169.03,12,,,
