parcel_id,street_address,neighborhood,zoning_district,is_split_zoned,lot_area_sf,lot_width_ft,is_conforming,year_built,property_type,current_gfa_sf,current_stories,land_value,improvement_value,max_footprint_sf,max_gfa_sf,max_height_ft,available_gfa_sf,gfa_utilization_pct,development_status,gfa_source,est_value_low,est_value_high,neighborhood_imp_rate_median,neighborhood_imp_rate_low,neighborhood_imp_rate_high,neighborhood_imp_rate_sample
03068004,"4014 N Stuart St, Arlington VA 22207",Stafford-Albemarle-Glebe,R-10,False,4537.0,45.3,False,1958.0,511-Single Family Detached,1313.0,,338000.0,335000.0,1134.25,2835.625,35,1522.625,46.30372492836676,underdeveloped,estimated_from_improvement_value,99821.3753581662,136120.05730659026,255.1,200.19,310.01,10
03068002,"4009 N Taylor St, Arlington VA 22207",Stafford-Albemarle-Glebe,R-10,False,10378.0,98.7,True,1957.0,511-Single Family Detached,1820.0,,894600.0,464400.0,2594.5,6486.25,35,4666.25,28.059356330699558,underdeveloped,estimated_from_improvement_value,353969.549046059,482685.74869917135,255.1,200.19,310.01,10
03069006,"4006 N Taylor St, Arlington VA 22207",Stafford-Albemarle-Glebe,R-10,False,11680.0,74.1,False,1958.0,511-Single Family Detached,1142.0,,910200.0,291300.0,2920.0,7300.0,35,6158.0,15.643835616438356,underdeveloped,estimated_from_improvement_value,422295.39452054794,575857.3561643835,255.1,200.19,310.01,10
03006006,"4220 40Th St N, Arlington VA 22207",Stafford-Albemarle-Glebe,R-10,False,10400.0,78.7,False,1957.0,511-Single Family Detached,1137.0,,894800.0,290100.0,2600.0,6500.0,35,5363.0,17.492307692307694,underdeveloped,estimated_from_improvement_value,406053.356923077,553709.1230769232,255.1,200.19,310.01,10
03069009,"4311 40Th St N, Arlington VA 22207",Stafford-Albemarle-Glebe,R-10,False,11812.0,80.1,True,1958.0,511-Single Family Detached,1664.0,,911800.0,424500.0,2953.0,7382.5,35,5718.5,22.53979004402303,underdeveloped,estimated_from_improvement_value,388455.2069082289,529711.6457839485,255.1,200.19,310.01,10
03006005,"4226 40Th St N, Arlington VA 22207",Stafford-Albemarle-Glebe,R-10,False,10400.0,78.8,False,1957.0,511-Single Family Detached,3773.0,,894800.0,962500.0,2600.0,6500.0,35,2727.0,58.04615384615385,underdeveloped,estimated_from_improvement_value,206471.6584615385,281552.26153846155,255.1,200.19,310.01,10
03069002,"4007 N Tazewell St, Arlington VA 22207",Stafford-Albemarle-Glebe,R-10,False,9273.0,79.4,False,1958.0,511-Single Family Detached,913.0,,802000.0,232900.0,2318.25,5795.625,35,4882.625,15.753262158956108,underdeveloped,estimated_from_improvement_value,371612.3606168447,506744.12811387907,255.1,200.19,310.01,10
03006004,"4300 40Th St N, Arlington VA 22207",Stafford-Albemarle-Glebe,R-10,False,10400.0,79.8,False,2016.0,511-Single Family Detached,6387.0,,894800.0,1629400.0,2600.0,6500.0,35,113.0,98.26153846153846,near-capacity,estimated_from_improvement_value,8555.664615384618,11666.815384615385,255.1,200.19,310.01,10
03006002,"4312 40Th St N, Arlington VA 22207",Stafford-Albemarle-Glebe,R-10,False,10181.0,79.3,False,1958.0,511-Single Family Detached,1100.0,,892200.0,280700.0,2545.25,6363.125,35,5263.125,17.28710342795403,underdeveloped,estimated_from_improvement_value,405880.45476868685,553473.3474118456,255.1,200.19,310.01,10
03007003,"4015 N Upland St, Arlington VA 22207",Stafford-Albemarle-Glebe,R-10,False,10000.0,79.3,False,1956.0,511-Single Family Detached,1008.0,,890000.0,257100.0,2500.0,6250.0,35,5242.0,16.128,underdeveloped,estimated_from_improvement_value,410553.44000000006,559845.6000000001,255.1,200.19,310.01,10
03007002,"4007 N Upland St, Arlington VA 22207",Stafford-Albemarle-Glebe,R-10,False,10000.0,79.3,False,1956.0,511-Single Family Detached,864.0,,890000.0,220500.0,2500.0,6250.0,35,5386.0,13.824,underdeveloped,estimated_from_improvement_value,421831.52,575224.8,255.1,200.19,310.01,10
03067014,"4330 39Th St N, Arlington VA 22207",Stafford-Albemarle-Glebe,R-10,False,13052.0,81.3,True,1958.0,511-Single Family Detached,1292.0,,926700.0,329500.0,3263.0,8157.5,35,6865.5,15.838185718663805,underdeveloped,estimated_from_improvement_value,428960.14311982837,584945.6497088568,255.1,200.19,310.01,10
03067016,"4318 39Th St N, Arlington VA 22207",Stafford-Albemarle-Glebe,R-10,False,14569.0,90.4,True,1959.0,511-Single Family Detached,2355.0,,944900.0,600800.0,3500.0,8750.0,35,6395.0,26.91428571428571,underdeveloped,estimated_from_improvement_value,379822.8028571429,517940.1857142857,255.1,200.19,310.01,10
03008003,"4416 41St St N, Arlington VA 22207",Stafford-Albemarle-Glebe,R-10,False,9905.0,83.7,False,1956.0,511-Single Family Detached,2210.0,,817800.0,563800.0,2476.25,6190.625,35,3980.625,35.69914184755174,underdeveloped,estimated_from_improvement_value,289218.82988389704,394389.3134780414,255.1,200.19,310.01,10
03008006,"4006 N Upland St, Arlington VA 22207",Stafford-Albemarle-Glebe,R-10,False,12102.0,73.9,False,1957.0,511-Single Family Detached,1094.0,,915300.0,279100.0,3025.5,7563.75,35,6469.75,14.463725004131547,underdeveloped,estimated_from_improvement_value,430602.4387704512,587185.1437778879,255.1,200.19,310.01,10
03067011,"3935 N Upland St, Arlington VA 22207",Stafford-Albemarle-Glebe,R-10,False,13474.0,93.7,True,2020.0,511-Single Family Detached,7397.0,,931700.0,1886900.0,3368.5,8421.25,35,1024.25,87.83731631289892,near-capacity,estimated_from_improvement_value,62325.84815199645,84989.7929345406,255.1,200.19,310.01,10
03067048,"3878 N Tazewell St, Arlington VA 22207",Stafford-Albemarle-Glebe,R-10,False,11899.0,58.3,False,1965.0,511-Single Family Detached,1578.0,,912800.0,402500.0,2974.75,7436.875,35,5858.875,21.21858979746197,underdeveloped,estimated_from_improvement_value,395514.1917808219,539337.5342465753,255.1,200.19,310.01,10
03067010,"3929 N Upland St, Arlington VA 22207",Stafford-Albemarle-Glebe,R-10,False,12916.0,89.8,True,1954.0,511-Single Family Detached,1604.0,,925000.0,409300.0,3229.0,8072.5,35,6468.5,19.869928770517188,underdeveloped,estimated_from_improvement_value,407661.73737999384,555902.369154537,255.1,200.19,310.01,10
03008033,"4019 Chesterbrook Rd, Arlington VA 22207",Stafford-Albemarle-Glebe,R-10,False,10035.5,81.0,True,1955.0,511-Single Family Detached,3052.0,,890000.0,778500.0,2508.875,6272.1875,35,3220.1875,48.65925962831947,underdeveloped,estimated_from_improvement_value,251312.92411937623,342699.44198096753,255.1,200.19,310.01,10
03067049,"3874 N Tazewell St, Arlington VA 22207",Stafford-Albemarle-Glebe,R-10,False,15461.0,64.3,False,1965.0,511-Single Family Detached,1849.0,,955600.0,471700.0,3500.0,8750.0,35,6901.0,21.13142857142857,underdeveloped,estimated_from_improvement_value,414517.43771428574,565251.0514285713,255.1,200.19,310.01,10
03008008,"3942 N Upland St, Arlington VA 22207",Stafford-Albemarle-Glebe,R-10,False,10350.0,86.6,True,1957.0,511-Single Family Detached,2417.0,,894200.0,616500.0,2587.5,6468.75,35,4051.75,37.364251207729474,underdeveloped,estimated_from_improvement_value,308048.87613526575,420066.6492753623,255.1,200.19,310.01,10
03067009,"3923 N Upland St, Arlington VA 22207",Stafford-Albemarle-Glebe,R-10,False,12715.0,88.9,True,1954.0,511-Single Family Detached,1698.0,,922600.0,433100.0,3178.75,7946.875,35,6248.875,21.366889500589856,underdeveloped,estimated_from_improvement_value,399007.9926071569,544101.8081006685,255.1,200.19,310.01,10
03067008,"3917 N Upland St, Arlington VA 22207",Stafford-Albemarle-Glebe,R-10,False,12658.0,88.5,True,1954.0,511-Single Family Detached,1456.0,,921900.0,371400.0,3164.5,7911.25,35,6455.25,18.404171275082952,underdeveloped,estimated_from_improvement_value,413727.5697582557,564173.9587612577,255.1,200.19,310.01,10
03008010,"3930 N Upland St, Arlington VA 22207",Stafford-Albemarle-Glebe,R-10,False,12408.0,92.3,True,1954.0,511-Single Family Detached,1648.0,,918900.0,420400.0,3102.0,7755.0,35,6107.0,21.250805931656995,underdeveloped,estimated_from_improvement_value,397994.4893617021,542719.7582205029,255.1,200.19,310.01,10
03009016,"4018 Chesterbrook Rd, Arlington VA 22207",Stafford-Albemarle-Glebe,R-10,False,10235.0,84.7,True,1955.0,511-Single Family Detached,1492.0,,892900.0,380500.0,2558.75,6396.875,35,4904.875,23.323888617489008,underdeveloped,estimated_from_improvement_value,376552.5491939424,513480.7489008305,255.1,200.19,310.01,10
03010005,"4507 41St St N, Arlington VA 22207",Stafford-Albemarle-Glebe,R-10,False,8080.0,69.6,False,1956.0,511-Single Family Detached,1702.0,,658900.0,434100.0,2020.0,5050.0,35,3348.0,33.70297029702971,underdeveloped,estimated_from_improvement_value,240257.1207920792,327623.34653465345,255.1,200.19,310.01,10
03067005,"3905 N Upland St, Arlington VA 22207",Stafford-Albemarle-Glebe,R-10,False,12534.0,87.8,True,2017.0,511-Single Family Detached,6622.0,,920400.0,1689200.0,3133.5,7833.75,35,1211.75,84.53167384713579,near-capacity,estimated_from_improvement_value,78303.7606510292,106777.85543322163,255.1,200.19,310.01,10
03009014,"4508 41St St N, Arlington VA 22207",Stafford-Albemarle-Glebe,R-10,False,11426.0,96.6,True,2010.0,511-Single Family Detached,5211.0,,907200.0,1329200.0,2856.5,7141.25,35,1930.25,72.97041834412742,underdeveloped,estimated_from_improvement_value,134866.8006301418,183909.27358655698,255.1,200.19,310.01,10
03008013,"3912 N Upland St, Arlington VA 22207",Stafford-Albemarle-Glebe,R-10,False,12724.0,88.7,True,1954.0,511-Single Family Detached,1260.0,,922700.0,321400.0,3181.0,7952.5,35,6692.5,15.84407419050613,underdeveloped,estimated_from_improvement_value,427078.70009431,582380.04558315,255.1,200.19,310.01,10
03008027,"3925 Chesterbrook Rd, Arlington VA 22207",Stafford-Albemarle-Glebe,R-10,False,12375.0,82.1,True,1954.0,511-Single Family Detached,1264.0,,918500.0,322500.0,3093.75,7734.375,35,6470.375,16.34262626262626,underdeveloped,estimated_from_improvement_value,422616.13777777785,576294.7333333334,255.1,200.19,310.01,10
03009019,"4513 40Th St N, Arlington VA 22207",Stafford-Albemarle-Glebe,R-10,False,10034.0,79.5,False,1955.0,511-Single Family Detached,1743.0,,890400.0,444600.0,2508.5,6271.25,35,4528.25,27.793502092884193,underdeveloped,estimated_from_improvement_value,353609.66155072756,482194.99302371935,255.1,200.19,310.01,10
03008014,"3906 N Upland St, Arlington VA 22207",Stafford-Albemarle-Glebe,R-10,False,12724.0,87.9,True,1954.0,511-Single Family Detached,4098.0,,922700.0,1045400.0,3181.0,7952.5,35,3854.5,51.530965105312795,underdeveloped,estimated_from_improvement_value,245973.08173530336,335417.8387299591,255.1,200.19,310.01,10
03011020,"3906 Chesterbrook Rd, Arlington VA 22207",Stafford-Albemarle-Glebe,R-10,False,10810.0,88.5,True,1959.0,511-Single Family Detached,1276.0,,899800.0,325400.0,2702.5,6756.25,35,5480.25,18.886216466234966,underdeveloped,estimated_from_improvement_value,401424.0033302498,547396.3681776134,255.1,200.19,310.01,10
03068005,"4008 N Stuart St, Arlington VA 22207",Stafford-Albemarle-Glebe,R-10,False,10158.6,101.0,True,1958.0,511-Single Family Detached,1352.0,,891600.0,344800.0,2539.65,6349.125,35,4997.125,21.29427283287067,underdeveloped,estimated_from_improvement_value,385957.14488216885,526305.1975665939,255.1,200.19,310.01,10
03068001,"4221 40Th St N, Arlington VA 22207",Stafford-Albemarle-Glebe,R-10,False,10103.0,96.4,True,1956.0,511-Single Family Detached,1201.0,,891300.0,306500.0,2525.75,6314.375,35,5113.375,19.02009304167079,underdeveloped,estimated_from_improvement_value,396975.6508957736,541330.4330396912,255.1,200.19,310.01,10
03069007,"4301 40Th St N, Arlington VA 22207",Stafford-Albemarle-Glebe,R-10,False,10042.0,93.4,True,1957.0,511-Single Family Detached,1390.0,,890500.0,354600.0,2510.5,6276.25,35,4886.25,22.14698267277435,underdeveloped,estimated_from_improvement_value,381304.6156144195,519960.83947420836,255.1,200.19,310.01,10
03069008,"4305 40Th St N, Arlington VA 22207",Stafford-Albemarle-Glebe,R-10,False,10756.0,79.8,False,1957.0,511-Single Family Detached,964.0,,899100.0,246000.0,2689.0,6722.5,35,5758.5,14.339903309780588,underdeveloped,estimated_from_improvement_value,423593.46113796957,577627.4470063221,255.1,200.19,310.01,10
03069001,"4317 40Th St N, Arlington VA 22207",Stafford-Albemarle-Glebe,R-10,False,10050.0,79.7,False,1957.0,511-Single Family Detached,961.0,,890600.0,245100.0,2512.5,6281.25,35,5320.25,15.299502487562188,underdeveloped,estimated_from_improvement_value,414888.44696517417,565756.9731343284,255.1,200.19,310.01,10
03006016,"4313 39Th St N, Arlington VA 22207",Stafford-Albemarle-Glebe,R-10,False,10092.0,80.5,True,1957.0,511-Single Family Detached,1169.0,,891100.0,298300.0,2523.0,6307.5,35,5138.5,18.53349187475228,underdeveloped,estimated_from_improvement_value,399271.4296472453,544461.0404280617,255.1,200.19,310.01,10
03007007,"4000 N Tazewell St, Arlington VA 22207",Stafford-Albemarle-Glebe,R-10,False,14009.0,91.1,True,1957.0,511-Single Family Detached,879.0,,938100.0,224200.0,3500.0,8750.0,35,7871.0,10.045714285714286,underdeveloped,estimated_from_improvement_value,464123.63485714287,632895.8657142858,255.1,200.19,310.01,10
03067013,"4336 39Th St N, Arlington VA 22207",Stafford-Albemarle-Glebe,R-10,False,11993.0,89.8,True,1959.0,511-Single Family Detached,919.0,,914000.0,234500.0,2998.25,7495.625,35,6576.625,12.260485283081797,underdeveloped,estimated_from_improvement_value,441066.5404819478,601454.3733844742,255.1,200.19,310.01,10
03067017,"4312 39Th St N, Arlington VA 22207",Stafford-Albemarle-Glebe,R-10,False,11278.0,88.2,True,1958.0,511-Single Family Detached,1249.0,,905400.0,318700.0,2819.5,7048.75,35,5799.75,17.719453803865935,underdeveloped,estimated_from_improvement_value,409732.43589288887,558726.0489448484,255.1,200.19,310.01,10
03007001,"4349 40Th St N, Arlington VA 22207",Stafford-Albemarle-Glebe,R-10,False,10517.0,83.6,True,1956.0,511-Single Family Detached,1624.0,,896200.0,414400.0,2629.25,6573.125,35,4949.125,24.70666539887801,underdeveloped,estimated_from_improvement_value,371128.37558239046,506084.1485214415,255.1,200.19,310.01,10
03067015,"4324 39Th St N, Arlington VA 22207",Stafford-Albemarle-Glebe,R-10,False,19332.5,125.8,True,1958.0,511-Single Family Detached,1432.0,,1005600.0,365200.0,3500.0,8750.0,35,7318.0,16.365714285714287,underdeveloped,estimated_from_improvement_value,462564.50742857147,630769.7828571429,255.1,200.19,310.01,10
03067012,"4350 40Th St N, Arlington VA 22207",Stafford-Albemarle-Glebe,R-10,False,12537.0,86.6,True,1956.0,511-Single Family Detached,1303.0,,920500.0,332400.0,3134.25,7835.625,35,6532.625,16.62917763420276,underdeveloped,estimated_from_improvement_value,422085.63093244,575571.3149078727,255.1,200.19,310.01,10
03008007,"4000 N Upland St, Arlington VA 22207",Stafford-Albemarle-Glebe,R-10,False,10433.0,75.0,False,1957.0,511-Single Family Detached,1998.0,,895200.0,509800.0,2608.25,6520.625,35,4522.625,30.641234544234642,underdeveloped,estimated_from_improvement_value,341494.8175980064,465674.7512700086,255.1,200.19,310.01,10
03008002,"4420 41St St N, Arlington VA 22207",Stafford-Albemarle-Glebe,R-10,False,10546.0,84.4,True,1955.0,511-Single Family Detached,1009.0,,896600.0,257500.0,2636.5,6591.25,35,5582.25,15.308173715152664,underdeveloped,estimated_from_improvement_value,417640.8029584677,569510.1858524559,255.1,200.19,310.01,10
03008032,"4013 Chesterbrook Rd, Arlington VA 22207",Stafford-Albemarle-Glebe,R-10,False,11118.0,88.4,True,1955.0,511-Single Family Detached,1786.0,,903500.0,455700.0,2779.5,6948.75,35,5162.75,25.70246447202734,underdeveloped,estimated_from_improvement_value,369203.0284223781,503458.67512142466,255.1,200.19,310.01,10
03008030,"4001 Chesterbrook Rd, Arlington VA 22207",Stafford-Albemarle-Glebe,R-10,False,10501.0,74.9,False,1955.0,511-Single Family Detached,1498.0,,896100.0,382100.0,2625.25,6563.125,35,5065.125,22.824492905437577,underdeveloped,estimated_from_improvement_value,380363.34549090563,518677.2893057804,255.1,200.19,310.01,10
03067006,"3911 N Upland St, Arlington VA 22207",Stafford-Albemarle-Glebe,R-10,False,12491.0,87.1,True,1954.0,511-Single Family Detached,3492.0,,919900.0,890800.0,3122.75,7806.875,35,4314.875,44.72980545993115,underdeveloped,estimated_from_improvement_value,279636.7857657514,381322.88968057,255.1,200.19,310.01,10
03009017,"4501 40Th St N, Arlington VA 22207",Stafford-Albemarle-Glebe,R-10,False,12375.0,102.0,True,1955.0,511-Single Family Detached,1705.0,,918500.0,434900.0,3093.75,7734.375,35,6029.375,22.044444444444444,underdeveloped,estimated_from_improvement_value,393811.9777777778,537016.3333333333,255.1,200.19,310.01,10
03010004,"4513 41St St N, Arlington VA 22207",Stafford-Albemarle-Glebe,R-10,False,12347.0,98.2,True,1956.0,511-Single Family Detached,1771.0,,909000.0,451800.0,3086.75,7716.875,35,5945.875,22.949704381631165,underdeveloped,estimated_from_improvement_value,385212.952944035,525290.3903782296,255.1,200.19,310.01,10
03011019,"3942 Chesterbrook Rd, Arlington VA 22207",Stafford-Albemarle-Glebe,R-10,False,10450.0,82.5,True,1955.0,511-Single Family Detached,1021.0,,895400.0,260500.0,2612.5,6531.25,35,5510.25,15.632535885167464,underdeveloped,estimated_from_improvement_value,415484.4505263159,566569.705263158,255.1,200.19,310.01,10
03009013,"4514 41St St N, Arlington VA 22207",Stafford-Albemarle-Glebe,R-10,False,11400.0,90.8,True,1956.0,511-Single Family Detached,2753.0,,906800.0,702200.0,2850.0,7125.0,35,4372.0,38.63859649122807,underdeveloped,estimated_from_improvement_value,306033.86385964917,417318.9052631579,255.1,200.19,310.01,10
03006007,"4214 40Th St N, Arlington VA 22207",Stafford-Albemarle-Glebe,R-10,False,10371.0,79.1,False,1957.0,511-Single Family Detached,2303.0,,894500.0,587500.0,2592.75,6481.875,35,4178.875,35.52984283097098,underdeveloped,estimated_from_improvement_value,317177.05573233054,432514.1669077234,255.1,200.19,310.01,10
03068006,"4215 40Th St N, Arlington VA 22207",Stafford-Albemarle-Glebe,R-10,False,10292.0,91.0,True,1957.0,511-Single Family Detached,1859.0,,893500.0,474300.0,2573.0,6432.5,35,4573.5,28.900116595413916,underdeveloped,estimated_from_improvement_value,349402.6020209872,476458.0936649825,255.1,200.19,310.01,10
03006012,"4213 39Th St N, Arlington VA 22207",Stafford-Albemarle-Glebe,R-10,False,10080.0,79.9,False,1956.0,511-Single Family Detached,1924.0,,891000.0,490900.0,2520.0,6300.0,35,4376.0,30.539682539682538,underdeveloped,estimated_from_improvement_value,340390.28571428574,464168.57142857136,255.1,200.19,310.01,10
03067021,"4206 39Th St N, Arlington VA 22207",Stafford-Albemarle-Glebe,R-10,False,10375.0,82.7,True,1958.0,511-Single Family Detached,1221.0,,894500.0,311500.0,2593.75,6484.375,35,5263.375,18.82987951807229,underdeveloped,estimated_from_improvement_value,399336.70024096384,544550.0457831325,255.1,200.19,310.01,10
03067020,"4212 39Th St N, Arlington VA 22207",Stafford-Albemarle-Glebe,R-10,False,10375.0,82.6,True,2018.0,511-Single Family Detached,6873.0,,894500.0,1753400.0,2593.75,6484.375,35,-388.625,105.99325301204819,overdeveloped,estimated_from_improvement_value,,,255.1,200.19,310.01,10
03067019,"4300 39Th St N, Arlington VA 22207",Stafford-Albemarle-Glebe,R-10,False,10375.0,82.5,True,1957.0,511-Single Family Detached,1445.0,,894500.0,368700.0,2593.75,6484.375,35,5039.375,22.28433734939759,underdeveloped,estimated_from_improvement_value,382341.6313253012,521374.95180722885,255.1,200.19,310.01,10
03067047,"3875 N Tazewell St, Arlington VA 22207",Stafford-Albemarle-Glebe,R-10,False,10838.0,77.7,False,1965.0,511-Single Family Detached,1082.0,,900100.0,276100.0,2709.5,6773.75,35,5691.75,15.973426831518731,underdeveloped,estimated_from_improvement_value,415977.751799225,567242.388817125,255.1,200.19,310.01,10
03067046,"3871 N Tazewell St, Arlington VA 22207",Stafford-Albemarle-Glebe,R-10,False,10006.0,65.5,False,1965.0,511-Single Family Detached,2941.0,,890100.0,750300.0,2501.5,6253.75,35,3312.75,47.027783330002,underdeveloped,estimated_from_improvement_value,259328.1353188087,353629.27543473913,255.1,200.19,310.01,10
03067044,"3863 N Tazewell St, Arlington VA 22207",Stafford-Albemarle-Glebe,R-10,False,10029.0,82.3,True,1965.0,511-Single Family Detached,1233.0,,890400.0,314600.0,2507.25,6268.125,35,5035.125,19.670954232725098,underdeveloped,estimated_from_improvement_value,393387.4029314987,536437.3676338618,255.1,200.19,310.01,10
03067052,"3862 N Tazewell St, Arlington VA 22207",Stafford-Albemarle-Glebe,R-10,False,10000.0,78.7,False,1965.0,511-Single Family Detached,1272.0,,890000.0,324600.0,2500.0,6250.0,35,4978.0,20.352,underdeveloped,estimated_from_improvement_value,389876.9600000001,531650.4,255.1,200.19,310.01,10
03067053,"3858 N Tazewell St, Arlington VA 22207",Stafford-Albemarle-Glebe,R-10,False,10000.0,79.1,False,1965.0,511-Single Family Detached,1508.0,,890000.0,384600.0,2500.0,6250.0,35,4742.0,24.128,underdeveloped,estimated_from_improvement_value,371393.44000000006,506445.60000000003,255.1,200.19,310.01,10
03067004,"3901 N Upland St, Arlington VA 22207",Stafford-Albemarle-Glebe,R-10,False,12477.0,88.4,True,2022.0,511-Single Family Detached,8224.0,,919800.0,2098000.0,3119.25,7798.125,35,-425.875,105.46124869760358,overdeveloped,estimated_from_improvement_value,,,255.1,200.19,310.01,10
03067003,"3865 N Upland St, Arlington VA 22207",Stafford-Albemarle-Glebe,R-10,False,12420.0,87.5,True,1954.0,511-Single Family Detached,1169.0,,919100.0,298300.0,3105.0,7762.5,35,6593.5,15.059581320450885,underdeveloped,estimated_from_improvement_value,429378.06344605476,585515.5410628018,255.1,200.19,310.01,10
03067002,"3859 N Upland St, Arlington VA 22207",Stafford-Albemarle-Glebe,R-10,False,12363.0,86.6,True,1954.0,511-Single Family Detached,4893.0,,918400.0,1248100.0,3090.75,7726.875,35,2833.875,63.32443581654938,underdeveloped,estimated_from_improvement_value,185255.60980344578,252621.28609560785,255.1,200.19,310.01,10
03067022,"4200 39Th St N, Arlington VA 22207",Stafford-Albemarle-Glebe,R-10,False,12897.0,102.9,True,1956.0,511-Single Family Detached,1804.0,,924800.0,460300.0,3224.25,8060.625,35,6256.625,22.38039854229666,underdeveloped,estimated_from_improvement_value,394804.3408544623,538369.5557106304,255.1,200.19,310.01,10
03067018,"4306 39Th St N, Arlington VA 22207",Stafford-Albemarle-Glebe,R-10,False,10372.0,82.5,True,1957.0,511-Single Family Detached,3094.0,,894500.0,789400.0,2593.0,6482.5,35,3388.5,47.72849980717316,underdeveloped,estimated_from_improvement_value,257162.71307365986,350676.42691862705,255.1,200.19,310.01,10
03067066,"N Glebe Rd, Arlington VA 22207",Stafford-Albemarle-Glebe,R-10,True,10064.0,85.1,True,,510-Res - Vacant(SF & Twnhse),,,890100.0,0.0,2516.0,6290.0,35,6290.0,0.0,vacant,not_available,489555.00000000006,667575.0,255.1,200.19,310.01,10
03067065,"3845 N Tazewell St, Arlington VA 22207",Stafford-Albemarle-Glebe,R-10,False,10131.0,78.2,False,1981.0,511-Single Family Detached,2281.0,,891600.0,582000.0,2532.75,6331.875,35,4050.875,36.02408449313987,underdeveloped,estimated_from_improvement_value,313725.0944625407,427806.94699437363,255.1,200.19,310.01,10
03067064,"3847 N Tazewell St, Arlington VA 22207",Stafford-Albemarle-Glebe,R-10,False,10031.0,81.6,True,1980.0,511-Single Family Detached,2399.0,,890400.0,612000.0,2507.75,6269.375,35,3870.375,38.265377330276145,underdeveloped,estimated_from_improvement_value,302326.7941381717,412263.8101884159,255.1,200.19,310.01,10
03067045,"3867 N Tazewell St, Arlington VA 22207",Stafford-Albemarle-Glebe,R-10,False,10046.0,83.1,True,1965.0,511-Single Family Detached,2043.0,,890600.0,521200.0,2511.5,6278.75,35,4235.75,32.538323710929724,underdeveloped,estimated_from_improvement_value,330447.528966753,450610.26677284495,255.1,200.19,310.01,10
03067043,"3857 N Tazewell St, Arlington VA 22207",Stafford-Albemarle-Glebe,R-10,False,12083.0,64.7,False,1965.0,511-Single Family Detached,1634.0,,915000.0,416800.0,3020.75,7551.875,35,5917.875,21.637010676156585,underdeveloped,estimated_from_improvement_value,394361.743772242,537766.0142348753,255.1,200.19,310.01,10
03067041,"3849 N Tazewell St, Arlington VA 22207",Stafford-Albemarle-Glebe,R-10,False,10261.0,76.6,False,1965.0,511-Single Family Detached,1921.0,,893200.0,490000.0,2565.25,6413.125,35,4492.125,29.954195497514863,underdeveloped,estimated_from_improvement_value,344107.0191989085,469236.84436214797,255.1,200.19,310.01,10
03067051,"3866 N Tazewell St, Arlington VA 22207",Stafford-Albemarle-Glebe,R-10,False,10055.0,79.2,False,1965.0,511-Single Family Detached,1834.0,,890700.0,467900.0,2513.75,6284.375,35,4450.375,29.18349080059672,underdeveloped,estimated_from_improvement_value,346919.4560914968,473071.9855793138,255.1,200.19,310.01,10
03067042,"3853 N Tazewell St, Arlington VA 22207",Stafford-Albemarle-Glebe,R-10,False,10016.0,87.9,True,1965.0,511-Single Family Detached,1784.0,,890200.0,455100.0,2504.0,6260.0,35,4476.0,28.498402555910545,underdeveloped,estimated_from_improvement_value,350078.9712460064,477380.41533546324,255.1,200.19,310.01,10
03067054,"3854 N Tazewell St, Arlington VA 22207",Stafford-Albemarle-Glebe,R-10,False,10071.0,79.9,False,2011.0,511-Single Family Detached,3965.0,,890900.0,1011400.0,2517.75,6294.375,35,2329.375,62.99275146460133,underdeveloped,estimated_from_improvement_value,181333.66746102675,247273.18290140008,255.1,200.19,310.01,10
03067055,"3850 N Tazewell St, Arlington VA 22207",Stafford-Albemarle-Glebe,R-10,True,11472.0,74.3,False,1965.0,511-Single Family Detached,1377.0,,907700.0,351400.0,2868.0,7170.0,35,5793.0,19.205020920502093,underdeveloped,estimated_from_improvement_value,403356.81380753143,550032.0188284519,255.1,200.19,310.01,10
03009012,"4520 41St St N, Arlington VA 22207",Stafford-Albemarle-Glebe,R-10,False,10096.0,89.8,True,1956.0,511-Single Family Detached,848.0,,891200.0,216400.0,2524.0,6310.0,35,5462.0,13.438985736925515,underdeveloped,estimated_from_improvement_value,424287.4675118859,578573.8193343899,255.1,200.19,310.01,10
03008024,"3907 Chesterbrook Rd, Arlington VA 22207",Stafford-Albemarle-Glebe,R-10,False,12900.0,86.0,True,1953.0,511-Single Family Detached,2592.0,,924800.0,661100.0,3225.0,8062.5,35,5470.5,32.14883720930233,underdeveloped,estimated_from_improvement_value,345118.1544186047,470615.6651162791,255.1,200.19,310.01,10
03009021,"4525 40Th St N, Arlington VA 22207",Stafford-Albemarle-Glebe,R-10,False,9895.2,87.3,False,1956.0,511-Single Family Detached,1641.0,,890600.0,418600.0,2473.8,6184.5,35,4543.5,26.534077128304634,underdeveloped,estimated_from_improvement_value,359858.1300024254,490715.63182148914,255.1,200.19,310.01,10
03011016,"4518 40Th St N, Arlington VA 22207",Stafford-Albemarle-Glebe,R-10,False,12714.0,87.6,True,1955.0,511-Single Family Detached,1245.0,,922200.0,317600.0,3178.5,7946.25,35,6701.25,15.667767815007078,underdeveloped,estimated_from_improvement_value,427741.5148655026,583283.8839075036,255.1,200.19,310.01,10
03009022,"4531 40Th St N, Arlington VA 22207",Stafford-Albemarle-Glebe,R-10,False,10601.0,83.3,True,2018.0,511-Single Family Detached,6671.0,,897300.0,1701700.0,2650.25,6625.625,35,-45.375,100.68484105273087,overdeveloped,estimated_from_improvement_value,,,255.1,200.19,310.01,10
03011023,"4515 39Th St N, Arlington VA 22207",Stafford-Albemarle-Glebe,R-10,False,14319.0,90.4,True,1958.0,511-Single Family Detached,2050.0,,941900.0,522900.0,3500.0,8750.0,35,6700.0,23.42857142857143,underdeveloped,estimated_from_improvement_value,396674.4571428572,540919.7142857143,255.1,200.19,310.01,10
03071011,"4607 41St St N, Arlington VA 22207",Stafford-Albemarle-Glebe,R-10,False,4800.0,59.2,False,1955.0,511-Single Family Detached,1571.0,,281400.0,400800.0,1200.0,3000.0,35,1429.0,52.36666666666666,underdeveloped,estimated_from_improvement_value,73722.11,100530.15,255.1,200.19,310.01,10
03009023,"4537 40Th St N, Arlington VA 22207",Stafford-Albemarle-Glebe,R-10,False,10604.0,77.3,False,1955.0,511-Single Family Detached,1855.0,,897300.0,473300.0,2651.0,6627.5,35,4772.5,27.989437947944175,underdeveloped,estimated_from_improvement_value,355382.9253112034,484613.0799698228,255.1,200.19,310.01,10
03011014,"4530 40Th St N, Arlington VA 22207",Stafford-Albemarle-Glebe,R-10,False,10000.0,80.1,True,1955.0,511-Single Family Detached,3541.0,,890000.0,903400.0,2500.0,6250.0,35,2709.0,56.65599999999999,underdeveloped,estimated_from_improvement_value,212168.88000000003,289321.2,255.1,200.19,310.01,10
03070010,"4508 39Th St N, Arlington VA 22207",Stafford-Albemarle-Glebe,R-10,False,14876.0,81.7,True,1958.0,511-Single Family Detached,1596.0,,948600.0,407200.0,3500.0,8750.0,35,7154.0,18.240000000000002,underdeveloped,estimated_from_improvement_value,426566.44800000003,581681.52,255.1,200.19,310.01,10
03071012,"4613 41St St N, Arlington VA 22207",Stafford-Albemarle-Glebe,R-10,False,4800.0,60.0,False,1955.0,511-Single Family Detached,959.0,,281400.0,244700.0,1200.0,3000.0,35,2041.0,31.966666666666665,underdeveloped,estimated_from_improvement_value,105295.19,143584.34999999998,255.1,200.19,310.01,10
03009024,"4543 40Th St N, Arlington VA 22207",Stafford-Albemarle-Glebe,R-10,False,11423.0,77.8,False,1956.0,511-Single Family Detached,1786.0,,907100.0,455500.0,2855.75,7139.375,35,5353.375,25.016195395255185,underdeveloped,estimated_from_improvement_value,374097.95036330214,510133.56867723016,255.1,200.19,310.01,10
03011013,"4536 40Th St N, Arlington VA 22207",Stafford-Albemarle-Glebe,R-10,False,10000.0,79.8,False,1955.0,511-Single Family Detached,869.0,,890000.0,221800.0,2500.0,6250.0,35,5381.0,13.904,underdeveloped,estimated_from_improvement_value,421439.92000000004,574690.8,255.1,200.19,310.01,10
03071013,"4619 41St St N, Arlington VA 22207",Stafford-Albemarle-Glebe,R-10,False,4800.0,59.0,False,1956.0,511-Single Family Detached,947.0,,331000.0,241600.0,1200.0,3000.0,35,2053.0,31.566666666666666,underdeveloped,estimated_from_improvement_value,124582.88333333333,169885.75,255.1,200.19,310.01,10
03009025,"4601 40Th St N, Arlington VA 22207",Stafford-Albemarle-Glebe,R-10,False,12243.0,77.7,False,1955.0,511-Single Family Detached,1544.0,,917000.0,394000.0,3060.75,7651.875,35,6107.875,20.178060932777914,underdeveloped,estimated_from_improvement_value,402581.94968553464,548975.3859348199,255.1,200.19,310.01,10
03011012,"4542 40Th St N, Arlington VA 22207",Stafford-Albemarle-Glebe,R-10,False,10000.0,80.0,True,1955.0,511-Single Family Detached,980.0,,890000.0,250000.0,2500.0,6250.0,35,5270.0,15.68,underdeveloped,estimated_from_improvement_value,412746.4,562836.0,255.1,200.19,310.01,10
03011026,"4533 39Th St N, Arlington VA 22207",Stafford-Albemarle-Glebe,R-10,False,12013.0,88.9,True,1959.0,511-Single Family Detached,3477.0,,914200.0,887100.0,3003.25,7508.125,35,4031.125,46.3098310163989,underdeveloped,estimated_from_improvement_value,269959.5386664447,368126.64363606094,255.1,200.19,310.01,10
03070008,"4520 39Th St N, Arlington VA 22207",Stafford-Albemarle-Glebe,R-10,False,13557.0,91.5,True,1959.0,511-Single Family Detached,2076.0,,932700.0,529600.0,3389.25,8473.125,35,6397.125,24.500995795529985,underdeveloped,estimated_from_improvement_value,387298.5667183005,528134.4091613188,255.1,200.19,310.01,10
03009005,"4618 41St St N, Arlington VA 22207",Stafford-Albemarle-Glebe,R-10,False,12970.0,70.0,False,1955.0,511-Single Family Detached,2035.0,,925700.0,519100.0,3242.5,8106.25,35,6071.25,25.10408635312259,underdeveloped,estimated_from_improvement_value,381321.30994602933,519983.6044718581,255.1,200.19,310.01,10
03071015,"4631 41St St N, Arlington VA 22207",Stafford-Albemarle-Glebe,R-10,False,6352.0,49.3,False,1955.0,511-Single Family Detached,2708.0,,533200.0,690800.0,1588.0,3970.0,35,1262.0,68.21158690176323,underdeveloped,estimated_from_improvement_value,93222.70025188918,127121.86397984887,255.1,200.19,310.01,10
03070007,"4526 39Th St N, Arlington VA 22207",Stafford-Albemarle-Glebe,R-10,False,13833.0,90.4,True,1960.0,511-Single Family Detached,1109.0,,936000.0,283000.0,3458.25,8645.625,35,7536.625,12.827297043302249,underdeveloped,estimated_from_improvement_value,448765.0748210801,611952.3747560183,255.1,200.19,310.01,10
03071016,"4030 N Woodstock St, Arlington VA 22207",Stafford-Albemarle-Glebe,R-10,False,14642.0,71.4,False,1955.0,511-Single Family Detached,1984.0,,907900.0,506000.0,3500.0,8750.0,35,6766.0,22.674285714285713,underdeveloped,estimated_from_improvement_value,386122.08800000005,526530.12,255.1,200.19,310.01,10
03009003,"4013 N Woodstock St, Arlington VA 22207",Stafford-Albemarle-Glebe,R-10,False,11280.0,80.8,True,1955.0,511-Single Family Detached,1314.0,,905400.0,335300.0,2820.0,7050.0,35,5736.0,18.638297872340427,underdeveloped,estimated_from_improvement_value,405156.86808510637,552486.6382978723,255.1,200.19,310.01,10
03070005,"4538 39Th St N, Arlington VA 22207",Stafford-Albemarle-Glebe,R-10,False,14072.0,83.7,True,1960.0,511-Single Family Detached,1346.0,,938900.0,343300.0,3500.0,8750.0,35,7404.0,15.382857142857143,underdeveloped,estimated_from_improvement_value,436958.6948571429,595852.7657142858,255.1,200.19,310.01,10
03009002,"4007 N Woodstock St, Arlington VA 22207",Stafford-Albemarle-Glebe,R-10,False,10482.0,74.8,False,1955.0,511-Single Family Detached,2522.0,,895800.0,643400.0,2620.5,6551.25,35,4029.25,38.4964701392864,underdeveloped,estimated_from_improvement_value,303021.7412707499,413211.4653692043,255.1,200.19,310.01,10
03071017,"4024 N Woodstock St, Arlington VA 22207",Stafford-Albemarle-Glebe,R-10,False,11935.0,78.0,False,1955.0,511-Single Family Detached,1214.0,,913300.0,309800.0,2983.75,7459.375,35,6245.375,16.274821952241307,underdeveloped,estimated_from_improvement_value,420564.1281105991,573496.5383326352,255.1,200.19,310.01,10
03070004,"3939 N Wakefield St, Arlington VA 22213",Stafford-Albemarle-Glebe,R-10,False,10000.0,80.0,True,2007.0,511-Single Family Detached,5265.0,,890000.0,1343000.0,2500.0,6250.0,35,985.0,84.24000000000001,near-capacity,estimated_from_improvement_value,77145.20000000001,105198.0,255.1,200.19,310.01,10
03071019,"4012 N Woodstock St, Arlington VA 22207",Stafford-Albemarle-Glebe,R-10,False,9967.3,80.6,False,2014.0,511-Single Family Detached,6276.0,,890000.0,1600900.0,2491.825,6229.5625,35,-46.4375,100.74543758088952,overdeveloped,estimated_from_improvement_value,,,255.1,200.19,310.01,10
03011007,"4624 40Th St N, Arlington VA 22207",Stafford-Albemarle-Glebe,R-10,False,10000.0,79.7,False,1955.0,511-Single Family Detached,920.0,,890000.0,234600.0,2500.0,6250.0,35,5330.0,14.719999999999999,underdeveloped,estimated_from_improvement_value,417445.60000000003,569244.0,255.1,200.19,310.01,10
03070002,"3907 N Wakefield St, Arlington VA 22207",Stafford-Albemarle-Glebe,R-10,False,42858.0,179.3,True,1956.0,511-Single Family Detached,1323.0,,1660700.0,337500.0,3500.0,8750.0,35,7427.0,15.120000000000001,underdeveloped,estimated_from_improvement_value,775281.188,1057201.6199999999,255.1,200.19,310.01,10
03071007,"4040 N Aberdeen St, Arlington VA 22207",Stafford-Albemarle-Glebe,R-10,False,8685.0,81.5,False,1959.0,511-Single Family Detached,289.0,,553700.0,73800.0,2171.25,5428.125,35,5139.125,5.324122049510651,underdeveloped,estimated_from_improvement_value,288321.18491652276,393165.2521588946,255.1,200.19,310.01,10
03071020,"4006 N Woodstock St, Arlington VA 22207",Stafford-Albemarle-Glebe,R-10,False,10000.0,80.6,True,1956.0,511-Single Family Detached,2004.0,,890000.0,511200.0,2500.0,6250.0,35,4246.0,32.064,underdeveloped,estimated_from_improvement_value,332546.72000000003,453472.80000000005,255.1,200.19,310.01,10
03070014,"3856 N Glebe Rd, Arlington VA 22207",Stafford-Albemarle-Glebe,R-10,False,8635.0,65.9,False,2015.0,511-Single Family Detached,4181.0,,786300.0,1066600.0,2158.75,5396.875,35,1215.875,77.47075854082223,underdeveloped,estimated_from_improvement_value,97431.08407643312,132860.56919513608,255.1,200.19,310.01,10
03011033,"3912 N Wakefield St, Arlington VA 22207",Stafford-Albemarle-Glebe,R-10,False,10284.5,81.5,True,1956.0,511-Single Family Detached,1323.0,,891600.0,337600.0,2571.125,6427.8125,35,5104.8125,20.58242987019301,underdeveloped,estimated_from_improvement_value,389447.88040254754,531065.2914580193,255.1,200.19,310.01,10
03071023,"3934 N Woodstock St, Arlington VA 22207",Stafford-Albemarle-Glebe,R-10,False,10000.0,80.3,True,1955.0,511-Single Family Detached,1555.0,,890000.0,396700.0,2500.0,6250.0,35,4695.0,24.88,underdeveloped,estimated_from_improvement_value,367712.4,501426.0,255.1,200.19,310.01,10
03011034,"3906 N Wakefield St, Arlington VA 22207",Stafford-Albemarle-Glebe,R-10,False,10000.0,78.4,False,2014.0,511-Single Family Detached,6328.0,,890000.0,1614400.0,2500.0,6250.0,35,-78.0,101.248,overdeveloped,estimated_from_improvement_value,,,255.1,200.19,310.01,10
03071024,"3928 N Woodstock St, Arlington VA 22207",Stafford-Albemarle-Glebe,R-10,False,10000.0,79.8,False,1958.0,511-Single Family Detached,980.0,,890000.0,250100.0,2500.0,6250.0,35,5270.0,15.68,underdeveloped,estimated_from_improvement_value,412746.4,562836.0,255.1,200.19,310.01,10
03011002,"3907 N Woodstock St, Arlington VA 22207",Stafford-Albemarle-Glebe,R-10,False,10056.0,79.9,False,1956.0,511-Single Family Detached,1006.0,,890700.0,256600.0,2514.0,6285.0,35,5279.0,16.006364359586318,underdeveloped,estimated_from_improvement_value,411472.2219570406,561098.4844868735,255.1,200.19,310.01,10
03010001,"4533 41St St N, Arlington VA 22207",Stafford-Albemarle-Glebe,R-10,False,9232.0,83.9,False,1955.0,511-Single Family Detached,1216.0,,687000.0,310300.0,2308.0,5770.0,35,4554.0,21.074523396880416,underdeveloped,estimated_from_improvement_value,298219.9133448874,406663.51819757366,255.1,200.19,310.01,10
03011021,"3900 Chesterbrook Rd, Arlington VA 22207",Stafford-Albemarle-Glebe,R-10,False,11354.0,93.5,True,1959.0,511-Single Family Detached,1821.0,,906300.0,464500.0,2838.5,7096.25,35,5275.25,25.661440901884795,underdeveloped,estimated_from_improvement_value,370551.69860842,505297.77082966355,255.1,200.19,310.01,10
03009011,"4526 41St St N, Arlington VA 22207",Stafford-Albemarle-Glebe,R-10,False,10899.0,80.5,True,1956.0,511-Single Family Detached,1297.0,,900800.0,330800.0,2724.75,6811.875,35,5514.875,19.040278924671988,underdeveloped,estimated_from_improvement_value,401106.84209560516,546963.8755849161,255.1,200.19,310.01,10
03071010,"4601 41St St N, Arlington VA 22207",Stafford-Albemarle-Glebe,R-10,False,4870.6,59.6,False,1955.0,511-Single Family Detached,1093.0,,282600.0,278900.0,1217.65,3044.125,35,1951.125,35.905227282059705,underdeveloped,estimated_from_improvement_value,99622.50523549461,135848.87077567447,255.1,200.19,310.01,10
03070011,"3870 Chesterbrook Rd, Arlington VA 22207",Stafford-Albemarle-Glebe,R-10,False,11446.0,93.3,True,1959.0,511-Single Family Detached,1292.0,,907400.0,329600.0,2861.5,7153.75,35,5861.75,18.060457801852177,underdeveloped,estimated_from_improvement_value,408935.6732482964,557639.554429495,255.1,200.19,310.01,10
03009009,"4540 41St St N, Arlington VA 22207",Stafford-Albemarle-Glebe,R-10,False,13572.0,73.7,False,1956.0,511-Single Family Detached,1264.0,,932900.0,322500.0,3393.0,8482.5,35,7218.5,14.901267315060418,underdeveloped,estimated_from_improvement_value,436637.3424697908,595414.557913351,255.1,200.19,310.01,10
03070012,"3864 Chesterbrook Rd, Arlington VA 22207",Stafford-Albemarle-Glebe,R-10,False,11578.0,85.6,True,1958.0,511-Single Family Detached,1073.0,,909000.0,273800.0,2894.5,7236.25,35,6163.25,14.828122300915531,underdeveloped,estimated_from_improvement_value,425816.80255657283,580659.2762135083,255.1,200.19,310.01,10
03009008,"4600 41St St N, Arlington VA 22207",Stafford-Albemarle-Glebe,R-10,False,13795.0,73.3,False,1955.0,511-Single Family Detached,1049.0,,935600.0,267500.0,3448.75,8621.875,35,7572.875,12.166727075027184,underdeveloped,estimated_from_improvement_value,451972.45581732516,616326.0761145342,255.1,200.19,310.01,10
03070018,"N Glebe Rd, Arlington VA 22207",Stafford-Albemarle-Glebe,R-10,False,113670.0,166.0,True,,540 - Not Valued Resd. (H.O.A),,,100.0,0.0,3500.0,8750.0,35,8750.0,0.0,vacant,not_available,55.00000000000001,75.0,255.1,200.19,310.01,10
03070009,"4514 39Th St N, Arlington VA 22207",Stafford-Albemarle-Glebe,R-10,False,14707.0,83.7,True,1958.0,511-Single Family Detached,2474.0,,946500.0,631100.0,3500.0,8750.0,35,6276.0,28.274285714285714,underdeveloped,estimated_from_improvement_value,373386.1371428572,509162.91428571433,255.1,200.19,310.01,10
03008020,"4000 N Glebe Rd, Arlington VA 22207",Stafford-Albemarle-Glebe,R-10,False,9894.0,90.8,False,1953.0,511-Single Family Detached,1274.0,,799900.0,325000.0,2473.5,6183.75,35,4909.75,20.60238528401051,underdeveloped,estimated_from_improvement_value,349305.83606226,476326.14008489996,255.1,200.19,310.01,10
03070017,"Chesterbrook Rd, Arlington VA 22207",Stafford-Albemarle-Glebe,R-10,False,19999.0,97.6,True,,511-Single Family Detached,98.0,,1010000.0,25000.0,3500.0,8750.0,35,8652.0,1.1199999999999999,underdeveloped,estimated_from_improvement_value,549278.4,749016.0,255.1,200.19,310.01,10
03071014,"4625 41St St N, Arlington VA 22207",Stafford-Albemarle-Glebe,R-10,False,4992.0,55.6,False,2016.0,511-Single Family Detached,4938.0,,365200.0,1259700.0,1248.0,3120.0,35,-1818.0,158.26923076923077,overdeveloped,estimated_from_improvement_value,,,255.1,200.19,310.01,10
03070013,"3860 Chesterbrook Rd, Arlington VA 22207",Stafford-Albemarle-Glebe,R-10,False,71586.0,182.0,True,1960.0,511-Single Family Detached,4584.0,,2774000.0,1169500.0,3500.0,8750.0,35,4166.0,52.38857142857143,underdeveloped,estimated_from_improvement_value,726407.5657142857,990555.7714285713,255.1,200.19,310.01,10
03009004,"4025 N Woodstock St, Arlington VA 22207",Stafford-Albemarle-Glebe,R-10,False,10457.0,89.8,True,1955.0,511-Single Family Detached,2932.0,,895500.0,748000.0,2614.25,6535.625,35,3603.625,44.861815052118196,underdeveloped,estimated_from_improvement_value,271569.3454145549,370321.83465621114,255.1,200.19,310.01,10
03011010,"4606 40Th St N, Arlington VA 22207",Stafford-Albemarle-Glebe,R-10,False,10000.0,79.7,False,1955.0,511-Single Family Detached,1613.0,,890000.0,411500.0,2500.0,6250.0,35,4637.0,25.807999999999996,underdeveloped,estimated_from_improvement_value,363169.8400000001,495231.60000000003,255.1,200.19,310.01,10
03070006,"4532 39Th St N, Arlington VA 22207",Stafford-Albemarle-Glebe,R-10,False,13551.4,92.8,True,2023.0,511-Single Family Detached,7358.0,,934000.0,1877000.0,3387.85,8469.625,35,1111.625,86.87515681036646,near-capacity,estimated_from_improvement_value,67422.31946514752,91939.52654338298,255.1,200.19,310.01,10
03070025,"3916 N Glebe Rd, Arlington VA 22207",Stafford-Albemarle-Glebe,R-10,False,3012.0,46.9,False,1985.0,512-Townhouse (fee simple own),3968.0,,600000.0,1012200.0,753.0,1882.5,35,-2085.5,210.7835325365206,overdeveloped,estimated_from_improvement_value,,,255.1,200.19,310.01,10
03071098,"40Th St N, Arlington VA 22207",Stafford-Albemarle-Glebe,R-10,False,73548.0,95.6,True,,540 - Not Valued Resd. (H.O.A),,,100.0,0.0,3500.0,8750.0,35,8750.0,0.0,vacant,not_available,55.00000000000001,75.0,255.1,200.19,310.01,10
03070024,"3914 N Glebe Rd, Arlington VA 22207",Stafford-Albemarle-Glebe,R-10,False,1560.0,23.4,False,1985.0,512-Townhouse (fee simple own),1951.0,,600000.0,497800.0,390.0,975.0,35,-976.0,200.1025641025641,overdeveloped,estimated_from_improvement_value,,,255.1,200.19,310.01,10
03011008,"4618 40Th St N, Arlington VA 22207",Stafford-Albemarle-Glebe,R-10,False,11673.0,66.5,False,1955.0,511-Single Family Detached,834.0,,910100.0,212800.0,2918.25,7295.625,35,6461.625,11.431508609611924,underdeveloped,estimated_from_improvement_value,443334.012079157,604546.3801079413,255.1,200.19,310.01,10
03070023,"3912 N Glebe Rd, Arlington VA 22207",Stafford-Albemarle-Glebe,R-10,False,1560.0,23.5,False,1985.0,512-Townhouse (fee simple own),1753.0,,600000.0,447300.0,390.0,975.0,35,-778.0,179.7948717948718,overdeveloped,estimated_from_improvement_value,,,255.1,200.19,310.01,10
03071018,"4018 N Woodstock St, Arlington VA 22207",Stafford-Albemarle-Glebe,R-10,False,10021.0,79.7,False,1955.0,511-Single Family Detached,1572.0,,890300.0,401100.0,2505.25,6263.125,35,4691.125,25.099291487875462,underdeveloped,estimated_from_improvement_value,366762.55433589465,500130.75591258355,255.1,200.19,310.01,10
03070022,"3910 N Glebe Rd, Arlington VA 22207",Stafford-Albemarle-Glebe,R-10,False,3011.0,44.7,False,1985.0,512-Townhouse (fee simple own),3658.0,,600000.0,933200.0,752.75,1881.875,35,-1776.125,194.38060445034873,overdeveloped,estimated_from_improvement_value,,,255.1,200.19,310.01,10
03009001,"4001 N Woodstock St, Arlington VA 22207",Stafford-Albemarle-Glebe,R-10,False,10473.0,97.5,True,1955.0,511-Single Family Detached,1931.0,,895700.0,492700.0,2618.25,6545.625,35,4614.625,29.50062064355963,underdeveloped,estimated_from_improvement_value,347304.61749260005,473597.2056717273,255.1,200.19,310.01,10
03011030,"3930 N Wakefield St, Arlington VA 22207",Stafford-Albemarle-Glebe,R-10,False,13212.0,83.2,True,1956.0,511-Single Family Detached,906.0,,928600.0,231100.0,3303.0,8257.5,35,7351.5,10.971843778383288,underdeveloped,estimated_from_improvement_value,454693.50227066304,620036.5940054496,255.1,200.19,310.01,10
03071073,"4048 N Aberdeen St, Arlington VA 22207",Stafford-Albemarle-Glebe,R-10,False,10260.0,62.9,False,1979.0,511-Single Family Detached,3211.0,,893200.0,819200.0,2565.0,6412.5,35,3201.5,50.07407407407407,underdeveloped,estimated_from_improvement_value,245266.10370370373,334453.7777777778,255.1,200.19,310.01,10
03070003,"3919 N Wakefield St, Arlington VA 22207",Stafford-Albemarle-Glebe,R-10,False,11284.0,89.4,True,1956.0,511-Single Family Detached,868.0,,905400.0,221500.0,2821.0,7052.5,35,6184.5,12.307692307692308,underdeveloped,estimated_from_improvement_value,436681.3846153847,595474.6153846154,255.1,200.19,310.01,10
03070034,"3908 N Glebe Rd, Arlington VA 22207",Stafford-Albemarle-Glebe,R-10,False,1582.0,24.7,False,1986.0,512-Townhouse (fee simple own),2120.0,,600000.0,540800.0,395.5,988.75,35,-1131.25,214.41213653603035,overdeveloped,estimated_from_improvement_value,,,255.1,200.19,310.01,10
03070026,"3924 N Glebe Rd, Arlington VA 22207",Stafford-Albemarle-Glebe,R-10,False,2965.0,46.1,False,1986.0,512-Townhouse (fee simple own),3272.0,,570000.0,834800.0,741.25,1853.125,35,-1418.875,176.56661045531197,overdeveloped,estimated_from_improvement_value,,,255.1,200.19,310.01,10
03070033,"3906 N Glebe Rd, Arlington VA 22207",Stafford-Albemarle-Glebe,R-10,False,1560.0,23.7,False,1986.0,512-Townhouse (fee simple own),1836.0,,600000.0,468300.0,390.0,975.0,35,-861.0,188.30769230769232,overdeveloped,estimated_from_improvement_value,,,255.1,200.19,310.01,10
03070027,"3922 N Glebe Rd, Arlington VA 22207",Stafford-Albemarle-Glebe,R-10,False,1560.0,23.5,False,1986.0,512-Townhouse (fee simple own),1855.0,,570000.0,473100.0,390.0,975.0,35,-880.0,190.25641025641025,overdeveloped,estimated_from_improvement_value,,,255.1,200.19,310.01,10
03071096,"40Th St N, Arlington VA 22207",Stafford-Albemarle-Glebe,R-10,False,19240.0,31.6,False,,540 - Not Valued Resd. (H.O.A),,,100.0,0.0,3500.0,8750.0,35,8750.0,0.0,vacant,not_available,55.00000000000001,75.0,255.1,200.19,310.01,10
03070032,"3904 N Glebe Rd, Arlington VA 22207",Stafford-Albemarle-Glebe,R-10,False,1560.0,23.8,False,1986.0,512-Townhouse (fee simple own),1857.0,,600000.0,473700.0,390.0,975.0,35,-882.0,190.46153846153845,overdeveloped,estimated_from_improvement_value,,,255.1,200.19,310.01,10
03070028,"3920 N Glebe Rd, Arlington VA 22207",Stafford-Albemarle-Glebe,R-10,False,1560.0,24.0,False,1986.0,512-Townhouse (fee simple own),1780.0,,570000.0,454200.0,390.0,975.0,35,-805.0,182.56410256410257,overdeveloped,estimated_from_improvement_value,,,255.1,200.19,310.01,10
03071074,"4042 N Aberdeen St, Arlington VA 22207",Stafford-Albemarle-Glebe,R-10,False,7057.0,43.7,False,1979.0,511-Single Family Detached,2153.0,,854700.0,549300.0,1764.25,4410.625,35,2257.625,48.81394360209721,underdeveloped,estimated_from_improvement_value,240617.97321808134,328115.41802465636,255.1,200.19,310.01,10
03070029,"3918 N Glebe Rd, Arlington VA 22207",Stafford-Albemarle-Glebe,R-10,False,3012.0,45.8,False,1986.0,512-Townhouse (fee simple own),2786.0,,570000.0,710800.0,753.0,1882.5,35,-903.5,147.99468791500664,overdeveloped,estimated_from_improvement_value,,,255.1,200.19,310.01,10
03070031,"3902 N Glebe Rd, Arlington VA 22207",Stafford-Albemarle-Glebe,R-10,False,1560.0,24.0,False,1986.0,512-Townhouse (fee simple own),1886.0,,600000.0,481200.0,390.0,975.0,35,-911.0,193.43589743589743,overdeveloped,estimated_from_improvement_value,,,255.1,200.19,310.01,10
03011031,"3924 N Wakefield St, Arlington VA 22207",Stafford-Albemarle-Glebe,R-10,False,11486.0,70.6,False,1956.0,511-Single Family Detached,1316.0,,907900.0,335600.0,2871.5,7178.75,35,5862.75,18.331882291485286,underdeveloped,estimated_from_improvement_value,407805.6623715828,556098.6305067039,255.1,200.19,310.01,10
03071021,"4000 N Woodstock St, Arlington VA 22207",Stafford-Albemarle-Glebe,R-10,False,10517.0,85.2,True,1955.0,511-Single Family Detached,1122.0,,896200.0,286300.0,2629.25,6573.125,35,5451.125,17.069506513264237,underdeveloped,estimated_from_improvement_value,408772.6954454693,557417.3119710945,255.1,200.19,310.01,10
03070030,"3900 N Glebe Rd, Arlington VA 22207",Stafford-Albemarle-Glebe,R-10,False,3011.0,46.4,False,1986.0,512-Townhouse (fee simple own),3360.0,,570000.0,857100.0,752.75,1881.875,35,-1478.125,178.54533377615408,overdeveloped,estimated_from_improvement_value,,,255.1,200.19,310.01,10
03071075,"4036 N Aberdeen St, Arlington VA 22207",Stafford-Albemarle-Glebe,R-10,False,7728.0,50.8,False,1979.0,511-Single Family Detached,2384.0,,862800.0,608100.0,1932.0,4830.0,35,2446.0,49.35817805383023,underdeveloped,estimated_from_improvement_value,240315.70186335404,327703.22981366457,255.1,200.19,310.01,10
03011032,"3918 N Wakefield St, Arlington VA 22207",Stafford-Albemarle-Glebe,R-10,False,10123.0,72.7,False,1956.0,511-Single Family Detached,1255.0,,891500.0,320200.0,2530.75,6326.875,35,5071.875,19.83601699101057,underdeveloped,estimated_from_improvement_value,393064.0496888275,535996.4313938556,255.1,200.19,310.01,10
03011004,"3925 N Woodstock St, Arlington VA 22207",Stafford-Albemarle-Glebe,R-10,False,13668.0,101.2,True,2023.0,511-Single Family Detached,7616.0,,934100.0,1942900.0,3417.0,8542.5,35,926.5,89.1542288557214,near-capacity,estimated_from_improvement_value,55720.69154228856,75982.76119402985,255.1,200.19,310.01,10
03071076,"4030 N Aberdeen St, Arlington VA 22207",Stafford-Albemarle-Glebe,R-10,False,8665.0,49.0,False,1979.0,511-Single Family Detached,3145.0,,874000.0,802300.0,2166.25,5415.625,35,2270.625,58.072706289671096,underdeveloped,estimated_from_improvement_value,201544.5008655511,274833.410271206,255.1,200.19,310.01,10
03071072,"4033 N Aberdeen St, Arlington VA 22207",Stafford-Albemarle-Glebe,R-10,False,8540.0,74.5,False,1979.0,511-Single Family Detached,2710.0,,872500.0,691300.0,2135.0,5337.5,35,2627.5,50.7728337236534,underdeveloped,estimated_from_improvement_value,236228.86416861828,322130.26932084304,255.1,200.19,310.01,10
03071022,"4636 40Th St N, Arlington VA 22207",Stafford-Albemarle-Glebe,R-10,False,10546.0,85.0,True,1955.0,511-Single Family Detached,1609.0,,896600.0,410500.0,2636.5,6591.25,35,4982.25,24.41115114735445,underdeveloped,estimated_from_improvement_value,372751.290347051,508297.21410961496,255.1,200.19,310.01,10
03071005,"3804 N Albemarle St, Arlington VA 22207",Stafford-Albemarle-Glebe,R-10,False,38550.0,108.1,True,1941.0,511-Single Family Detached,2323.0,,1232600.0,592500.0,3500.0,8750.0,35,6427.0,26.548571428571428,underdeveloped,estimated_from_improvement_value,497949.2697142858,679021.7314285715,255.1,200.19,310.01,10
03071085,"40Th St N, Arlington VA 22207",Stafford-Albemarle-Glebe,R-10,False,2539.0,27.8,False,,540 - Not Valued Resd. (H.O.A),,,100.0,0.0,634.75,1586.875,35,1586.875,0.0,vacant,not_available,55.000000000000014,75.00000000000001,255.1,200.19,310.01,10
03071071,"4025 N Aberdeen St, Arlington VA 22207",Stafford-Albemarle-Glebe,R-10,False,6085.0,50.3,False,1979.0,511-Single Family Detached,2878.0,,843100.0,734300.0,1521.25,3803.125,35,925.125,75.6746096959737,underdeveloped,estimated_from_improvement_value,112798.05110928514,153815.52423993425,255.1,200.19,310.01,10
03071077,"4024 N Aberdeen St, Arlington VA 22207",Stafford-Albemarle-Glebe,R-10,False,10040.0,59.1,False,1979.0,511-Single Family Detached,3361.0,,890500.0,857500.0,2510.0,6275.0,35,2914.0,53.56175298804781,underdeveloped,estimated_from_improvement_value,227442.92430278886,310149.4422310757,255.1,200.19,310.01,10
03071067,"4717 40Th St N, Arlington VA 22207",Stafford-Albemarle-Glebe,R-10,False,8723.0,63.6,False,1979.0,511-Single Family Detached,2425.0,,874700.0,618600.0,2180.75,5451.875,35,3026.875,44.480110053880544,underdeveloped,estimated_from_improvement_value,267097.8625472888,364224.3580190302,255.1,200.19,310.01,10
03070001,"3901 N Wakefield St, Arlington VA 22207",Stafford-Albemarle-Glebe,R-10,False,8242.0,72.3,False,1990.0,511-Single Family Detached,1880.0,,868900.0,479500.0,2060.5,5151.25,35,3271.25,36.49599611744722,underdeveloped,estimated_from_improvement_value,303482.4593545256,413839.71730162576,255.1,200.19,310.01,10
03071097,"4007 N Aberdeen St, Arlington VA 22207",Stafford-Albemarle-Glebe,R-10,False,6554.0,56.2,False,1979.0,511-Single Family Detached,2373.0,,848700.0,605400.0,1638.5,4096.25,35,1723.25,57.931034482758626,underdeveloped,estimated_from_improvement_value,196371.62068965516,267779.48275862064,255.1,200.19,310.01,10
03071078,"4018 N Aberdeen St, Arlington VA 22207",Stafford-Albemarle-Glebe,R-10,False,7154.0,58.4,False,1980.0,511-Single Family Detached,2100.0,,855900.0,535800.0,1788.5,4471.25,35,2371.25,46.96673189823875,underdeveloped,estimated_from_improvement_value,249651.45792563603,340433.8062622309,255.1,200.19,310.01,10
03071066,"4711 40Th St N, Arlington VA 22207",Stafford-Albemarle-Glebe,R-10,False,6571.0,56.8,False,1979.0,511-Single Family Detached,2493.0,,848900.0,636000.0,1642.75,4106.875,35,1613.875,60.70308933191295,underdeveloped,estimated_from_improvement_value,183475.31106376505,250193.60599604325,255.1,200.19,310.01,10
03071065,"4710 40Th St N, Arlington VA 22207",Stafford-Albemarle-Glebe,R-10,False,6527.0,55.9,False,1979.0,511-Single Family Detached,2339.0,,848400.0,596600.0,1631.75,4079.375,35,1740.375,57.33721464685154,underdeveloped,estimated_from_improvement_value,199073.08901486135,271463.3032020836,255.1,200.19,310.01,10
03071079,"4012 N Aberdeen St, Arlington VA 22207",Stafford-Albemarle-Glebe,R-10,False,6268.0,55.6,False,1980.0,511-Single Family Detached,3342.0,,845300.0,852600.0,1567.0,3917.5,35,575.5,85.30950861518825,near-capacity,estimated_from_improvement_value,68298.29802169751,93134.04275686025,255.1,200.19,310.01,10
03071068,"4723 40Th St N, Arlington VA 22207",Stafford-Albemarle-Glebe,R-10,False,6228.0,46.6,False,1978.0,511-Single Family Detached,1958.0,,844800.0,499500.0,1557.0,3892.5,35,1934.5,50.30186255619782,underdeveloped,estimated_from_improvement_value,230917.42581888248,314887.3988439306,255.1,200.19,310.01,10
03071025,"3920 N Woodstock St, Arlington VA 22207",Stafford-Albemarle-Glebe,R-10,False,10003.0,78.9,False,1960.0,511-Single Family Detached,1335.0,,890100.0,340500.0,2500.75,6251.875,35,4916.875,21.353593921823453,underdeveloped,estimated_from_improvement_value,385017.41327601724,525023.7453763871,255.1,200.19,310.01,10
03011035,"3842 N Glebe Rd, Arlington VA 22207",Stafford-Albemarle-Glebe,R-10,False,7806.0,82.1,False,1956.0,511-Single Family Detached,1595.0,,777300.0,406800.0,1951.5,4878.75,35,3283.75,32.69280040994107,underdeveloped,estimated_from_improvement_value,287748.37432744046,392384.14681014605,255.1,200.19,310.01,10
03071064,"4716 40Th St N, Arlington VA 22207",Stafford-Albemarle-Glebe,R-10,False,8634.0,61.2,False,1979.0,511-Single Family Detached,2507.0,,873600.0,639500.0,2158.5,5396.25,35,2889.25,46.458188556868194,underdeveloped,estimated_from_improvement_value,257257.69562195972,350805.9485753996,255.1,200.19,310.01,10
03067001,"4030 N Glebe Rd, Arlington VA 22207",Stafford-Albemarle-Glebe,R-10,True,12805.0,89.7,True,1954.0,511-Single Family Detached,866.0,,831300.0,220800.0,3201.25,8003.125,35,7137.125,10.820773135493948,underdeveloped,estimated_from_improvement_value,407740.8021085514,556010.1846934791,255.1,200.19,310.01,10
03008017,"3860 N Upland St, Arlington VA 22207",Stafford-Albemarle-Glebe,R-10,False,11709.0,80.8,True,1954.0,511-Single Family Detached,1399.0,,910500.0,356800.0,2927.25,7318.125,35,5919.125,19.116918609616533,underdeveloped,estimated_from_improvement_value,405042.25083269284,552330.3420445811,255.1,200.19,310.01,10
03071034,"4721 38Th Pl N, Arlington VA 22207",Stafford-Albemarle-Glebe,R-10,False,10005.2,100.6,True,1974.0,511-Single Family Detached,1602.0,,890000.0,408700.0,2501.3,6253.25,35,4651.25,25.618678287290606,underdeveloped,estimated_from_improvement_value,364096.56978371245,496495.3224323351,255.1,200.19,310.01,10
03071093,"3916 N Abingdon St, Arlington VA 22207",Stafford-Albemarle-Glebe,R-10,False,4891.0,65.4,False,1978.0,511-Single Family Detached,2423.0,,828700.0,618000.0,1222.75,3056.875,35,633.875,79.26395420159477,underdeveloped,estimated_from_improvement_value,94511.7863422613,128879.70864853813,255.1,200.19,310.01,10
03071080,"4006 N Aberdeen St, Arlington VA 22207",Stafford-Albemarle-Glebe,R-10,False,6536.0,54.8,False,1980.0,511-Single Family Detached,2475.0,,848500.0,631400.0,1634.0,4085.0,35,1610.0,60.5875152998776,underdeveloped,estimated_from_improvement_value,183928.2129742962,250811.1995104039,255.1,200.19,310.01,10
03071088,"4021 N Abingdon St, Arlington VA 22207",Stafford-Albemarle-Glebe,R-10,False,10853.0,80.2,True,1978.0,511-Single Family Detached,2477.0,,900300.0,631900.0,2713.25,6783.125,35,4306.125,36.51709204828158,underdeveloped,estimated_from_improvement_value,314345.14115912654,428652.4652169907,255.1,200.19,310.01,10
03071099,"3808 N Albemarle St, Arlington VA 22207",Stafford-Albemarle-Glebe,R-10,False,10329.0,79.9,False,1988.0,511-Single Family Detached,3689.0,,804600.0,941100.0,2582.25,6455.625,35,2766.625,57.143963597637715,underdeveloped,estimated_from_improvement_value,189650.81789137382,258614.7516700552,255.1,200.19,310.01,10
03071081,"4755 40Th St N, Arlington VA 22207",Stafford-Albemarle-Glebe,R-10,False,6176.0,52.3,False,1980.0,511-Single Family Detached,2900.0,,844200.0,739800.0,1544.0,3860.0,35,960.0,75.12953367875647,underdeveloped,estimated_from_improvement_value,115476.06217616581,157467.35751295337,255.1,200.19,310.01,10
03071069,"4745 40Th St N, Arlington VA 22207",Stafford-Albemarle-Glebe,R-10,False,5557.0,58.4,False,1978.0,511-Single Family Detached,2570.0,,836700.0,655700.0,1389.25,3473.125,35,903.125,73.99676084218103,underdeveloped,estimated_from_improvement_value,119663.00611840922,163176.82652510348,255.1,200.19,310.01,10
03071089,"4015 N Abingdon St, Arlington VA 22207",Stafford-Albemarle-Glebe,R-10,False,5350.0,71.3,False,1978.0,511-Single Family Detached,1931.0,,834200.0,492700.0,1337.5,3343.75,35,1412.75,57.74953271028037,underdeveloped,estimated_from_improvement_value,193849.36897196263,264340.0485981308,255.1,200.19,310.01,10
03071100,"3800 N Albemarle St, Arlington VA 22207",Stafford-Albemarle-Glebe,R-10,False,10696.0,79.7,False,2009.0,511-Single Family Detached,5227.0,,898400.0,1333500.0,2674.0,6685.0,35,1458.0,78.18997756170532,underdeveloped,estimated_from_improvement_value,107767.68287210172,146955.9311892296,255.1,200.19,310.01,10
03071090,"4007 N Abingdon St, Arlington VA 22207",Stafford-Albemarle-Glebe,R-10,False,5703.0,54.6,False,1978.0,511-Single Family Detached,2054.0,,838500.0,523900.0,1425.75,3564.375,35,1510.375,57.625810976678935,underdeveloped,estimated_from_improvement_value,195419.16622830092,266480.68122041033,255.1,200.19,310.01,10
03071063,"4722 40Th St N, Arlington VA 22207",Stafford-Albemarle-Glebe,R-10,False,5721.0,45.9,False,1980.0,511-Single Family Detached,2664.0,,838700.0,679700.0,1430.25,3575.625,35,911.625,74.5044572627163,underdeveloped,estimated_from_improvement_value,117607.1143156791,160373.33770319875,255.1,200.19,310.01,10
03071045,"4016 N Abingdon St, Arlington VA 22207",Stafford-Albemarle-Glebe,R-10,False,7809.0,70.9,False,1978.0,511-Single Family Detached,1957.0,,863700.0,499200.0,1952.25,4880.625,35,2923.625,40.09732360097323,underdeveloped,estimated_from_improvement_value,284558.67883211677,388034.5620437956,255.1,200.19,310.01,10
03071091,"4761 40Th St N, Arlington VA 22207",Stafford-Albemarle-Glebe,R-10,False,5941.0,57.4,False,1978.0,511-Single Family Detached,1835.0,,841300.0,468200.0,1485.25,3713.125,35,1878.125,49.41928968187174,underdeveloped,estimated_from_improvement_value,234044.53374852717,319151.63692980976,255.1,200.19,310.01,10
03071062,"4728 40Th St N, Arlington VA 22207",Stafford-Albemarle-Glebe,R-10,False,5713.0,55.3,False,1979.0,511-Single Family Detached,2369.0,,838600.0,604400.0,1428.25,3570.625,35,1201.625,66.34692805881323,underdeveloped,estimated_from_improvement_value,155218.06371433573,211660.99597409417,255.1,200.19,310.01,10
03071058,"4752 40Th St N, Arlington VA 22207",Stafford-Albemarle-Glebe,R-10,False,5367.0,48.6,False,1978.0,511-Single Family Detached,1955.0,,834400.0,498700.0,1341.75,3354.375,35,1399.375,58.2820942798584,underdeveloped,estimated_from_improvement_value,191451.81293087386,261070.65399664617,255.1,200.19,310.01,10
03071084,"40Th St N, Arlington VA 22207",Stafford-Albemarle-Glebe,R-10,False,14336.0,25.6,False,,540 - Not Valued Resd. (H.O.A),,,100.0,0.0,3500.0,8750.0,35,8750.0,0.0,vacant,not_available,55.00000000000001,75.0,255.1,200.19,310.01,10
03071059,"4746 40Th St N, Arlington VA 22207",Stafford-Albemarle-Glebe,R-10,False,5688.0,55.1,False,1978.0,511-Single Family Detached,2234.0,,838300.0,570000.0,1422.0,3555.0,35,1321.0,62.84106891701828,underdeveloped,estimated_from_improvement_value,171326.82559774967,233627.48945147684,255.1,200.19,310.01,10
03071060,"4740 40Th St N, Arlington VA 22207",Stafford-Albemarle-Glebe,R-10,False,5701.0,54.7,False,1978.0,511-Single Family Detached,2390.0,,838500.0,609800.0,1425.25,3563.125,35,1173.125,67.0759515874408,underdeveloped,estimated_from_improvement_value,151837.4802666199,207051.1094544817,255.1,200.19,310.01,10
03071061,"4734 40Th St N, Arlington VA 22207",Stafford-Albemarle-Glebe,R-10,False,7158.0,59.8,False,1978.0,511-Single Family Detached,2140.0,,855900.0,545800.0,1789.5,4473.75,35,2333.75,47.8345906677843,underdeveloped,estimated_from_improvement_value,245566.0561609388,334862.8038558256,255.1,200.19,310.01,10
03071095,"4760 40Th St N, Arlington VA 22207",Stafford-Albemarle-Glebe,R-10,False,7048.0,75.1,False,1978.0,511-Single Family Detached,2188.0,,854600.0,558100.0,1762.0,4405.0,35,2217.0,49.67082860385925,underdeveloped,estimated_from_improvement_value,236562.2043132804,322584.8240635642,255.1,200.19,310.01,10
03071087,"4006 N Abingdon St, Arlington VA 22207",Stafford-Albemarle-Glebe,R-10,False,6977.0,60.7,False,1978.0,511-Single Family Detached,2069.0,,853800.0,527800.0,1744.25,4360.625,35,2291.625,47.44732693134585,underdeveloped,estimated_from_improvement_value,246782.09746309306,336521.04199512687,255.1,200.19,310.01,10
03071094,"3925 N Abingdon St, Arlington VA 22207",Stafford-Albemarle-Glebe,R-10,False,5595.0,57.2,False,1978.0,511-Single Family Detached,2893.0,,837200.0,738000.0,1398.75,3496.875,35,603.875,82.73100983020554,near-capacity,estimated_from_improvement_value,79516.79213583557,108431.98927613941,255.1,200.19,310.01,10
03071035,"4715 38Th Pl N, Arlington VA 22207",Stafford-Albemarle-Glebe,R-10,False,10009.0,89.0,True,1974.0,511-Single Family Detached,1801.0,,890100.0,459400.0,2502.25,6255.625,35,4454.625,28.790088919972025,underdeveloped,estimated_from_improvement_value,348611.680187831,475379.5638924968,255.1,200.19,310.01,10
03071043,"4765 40Th St N, Arlington VA 22207",Stafford-Albemarle-Glebe,R-10,False,7466.8,61.5,False,1978.0,511-Single Family Detached,2646.0,,860100.0,675000.0,1866.7,4666.75,35,2020.75,56.69898751808004,underdeveloped,estimated_from_improvement_value,204837.6045963465,279324.0062677452,255.1,200.19,310.01,10
03071055,"3917 N Abingdon St, Arlington VA 22207",Stafford-Albemarle-Glebe,R-10,False,6998.0,67.4,False,1978.0,511-Single Family Detached,2817.0,,854000.0,718700.0,1749.5,4373.75,35,1556.75,64.40697342097742,underdeveloped,estimated_from_improvement_value,167180.44584166908,227973.3352386396,255.1,200.19,310.01,10
03071050,"4770 40Th St N, Arlington VA 22207",Stafford-Albemarle-Glebe,R-10,False,6652.0,53.9,False,1978.0,511-Single Family Detached,2733.0,,849900.0,697300.0,1663.0,4157.5,35,1424.5,65.73662056524353,underdeveloped,estimated_from_improvement_value,160162.45399879734,218403.34636199637,255.1,200.19,310.01,10
03071054,"3911 N Abingdon St, Arlington VA 22207",Stafford-Albemarle-Glebe,R-10,False,8392.0,72.9,False,1978.0,511-Single Family Detached,2140.0,,870700.0,545800.0,2098.0,5245.0,35,3105.0,40.80076263107721,underdeveloped,estimated_from_improvement_value,283496.2678741659,386585.8198284081,255.1,200.19,310.01,10
03071092,"3924 N Abingdon St, Arlington VA 22207",Stafford-Albemarle-Glebe,R-10,False,6892.0,55.3,False,1978.0,511-Single Family Detached,2067.0,,852700.0,527200.0,1723.0,4307.5,35,2240.5,47.98607080673244,underdeveloped,estimated_from_improvement_value,243937.52582704587,332642.0806732444,255.1,200.19,310.01,10
03071033,"4727 38Th Pl N, Arlington VA 22207",Stafford-Albemarle-Glebe,R-10,False,10002.0,93.2,True,1974.0,511-Single Family Detached,2391.0,,890100.0,609900.0,2500.5,6251.25,35,3860.25,38.24835032993401,underdeveloped,estimated_from_improvement_value,302308.28854229156,412238.575284943,255.1,200.19,310.01,10
03071053,"3910 N Abingdon St, Arlington VA 22207",Stafford-Albemarle-Glebe,R-10,False,7278.0,66.7,False,1978.0,511-Single Family Detached,2676.0,,857400.0,682600.0,1819.5,4548.75,35,1872.75,58.82934872217642,underdeveloped,estimated_from_improvement_value,194148.44023083267,264747.8730420445,255.1,200.19,310.01,10
03071032,"3711 N Albemarle St, Arlington VA 22207",Stafford-Albemarle-Glebe,R-10,False,10000.0,88.3,True,1974.0,511-Single Family Detached,1529.0,,890000.0,390000.0,2500.0,6250.0,35,4721.0,24.464,underdeveloped,estimated_from_improvement_value,369748.72000000003,504202.80000000005,255.1,200.19,310.01,10
03071042,"3701 N Albemarle St, Arlington VA 22207",Stafford-Albemarle-Glebe,R-10,False,11254.0,88.4,True,1974.0,511-Single Family Detached,1648.0,,905100.0,420500.0,2813.5,7033.75,35,5385.75,23.429891594099875,underdeveloped,estimated_from_improvement_value,381169.8281499911,519777.0383863514,255.1,200.19,310.01,10
03071041,"4722 38Th Pl N, Arlington VA 22207",Stafford-Albemarle-Glebe,R-10,False,11231.0,95.5,True,1974.0,511-Single Family Detached,2203.0,,904800.0,561900.0,2807.75,7019.375,35,4816.375,31.38456059122073,underdeveloped,estimated_from_improvement_value,341457.87267384917,465624.37182797614,255.1,200.19,310.01,10
03011036,"3836 N Glebe Rd, Arlington VA 22207",Stafford-Albemarle-Glebe,R-10,False,8050.0,85.3,False,1956.0,511-Single Family Detached,779.0,,779900.0,198700.0,2012.5,5031.25,35,4252.25,15.483229813664595,underdeveloped,estimated_from_improvement_value,362530.4598757765,494359.71801242244,255.1,200.19,310.01,10
03071026,"4647 38Th Pl N, Arlington VA 22207",Stafford-Albemarle-Glebe,R-10,False,10332.0,77.5,False,2019.0,511-Single Family Detached,6517.0,,894000.0,1662500.0,2583.0,6457.5,35,-59.5,100.92140921409214,overdeveloped,estimated_from_improvement_value,,,255.1,200.19,310.01,10
03071037,"4701 38Th Pl N, Arlington VA 22207",Stafford-Albemarle-Glebe,R-10,False,10397.0,69.8,False,1974.0,511-Single Family Detached,1723.0,,894800.0,439600.0,2599.25,6498.125,35,4775.125,26.515340963739543,underdeveloped,estimated_from_improvement_value,361647.40098105225,493155.54679234396,255.1,200.19,310.01,10
03071027,"4653 38Th Pl N, Arlington VA 22207",Stafford-Albemarle-Glebe,R-10,False,10043.0,63.5,False,1960.0,511-Single Family Detached,989.0,,890600.0,252200.0,2510.75,6276.875,35,5287.875,15.75624813302798,underdeveloped,estimated_from_improvement_value,412651.1697699891,562706.1405954396,255.1,200.19,310.01,10
03071028,"4650 38Th Pl N, Arlington VA 22207",Stafford-Albemarle-Glebe,R-10,False,10367.0,62.3,False,1960.0,511-Single Family Detached,912.0,,894400.0,232600.0,2591.75,6479.375,35,5567.375,14.075431658146039,underdeveloped,estimated_from_improvement_value,422680.136587248,576382.0044371563,255.1,200.19,310.01,10
03071038,"4700 38Th Pl N, Arlington VA 22207",Stafford-Albemarle-Glebe,R-10,False,10626.0,74.6,False,1974.0,511-Single Family Detached,1725.0,,897600.0,440100.0,2656.5,6641.25,35,4916.25,25.97402597402597,underdeveloped,estimated_from_improvement_value,365451.4285714286,498342.85714285716,255.1,200.19,310.01,10
03071040,"4714 38Th Pl N, Arlington VA 22207",Stafford-Albemarle-Glebe,R-10,False,11233.0,97.8,True,1974.0,511-Single Family Detached,1644.0,,904800.0,419500.0,2808.25,7020.625,35,5376.625,23.41671859699101,underdeveloped,estimated_from_improvement_value,381109.04157393397,519694.147600819,255.1,200.19,310.01,10
03071031,"3906 N Woodstock St, Arlington VA 22207",Stafford-Albemarle-Glebe,R-10,False,10000.0,72.1,False,1960.0,511-Single Family Detached,680.0,,890000.0,173500.0,2500.0,6250.0,35,5570.0,10.879999999999999,underdeveloped,estimated_from_improvement_value,436242.4,594876.0,255.1,200.19,310.01,10
03071030,"3816 N Glebe Rd, Arlington VA 22207",Stafford-Albemarle-Glebe,R-10,False,8307.0,69.4,False,1925.0,511-Single Family Detached,543.0,,782700.0,138400.0,2076.75,5191.875,35,4648.875,10.458649331888768,underdeveloped,estimated_from_improvement_value,385462.08342361863,525630.11375948,255.1,200.19,310.01,10
03071029,"4646 38Th Pl N, Arlington VA 22207",Stafford-Albemarle-Glebe,R-10,False,8811.0,70.9,False,1960.0,511-Single Family Detached,1332.0,,875800.0,339800.0,2202.75,5506.875,35,4174.875,24.187946884576096,underdeveloped,estimated_from_improvement_value,365179.0786516854,497971.4708886618,255.1,200.19,310.01,10
03071039,"4708 38Th Pl N, Arlington VA 22207",Stafford-Albemarle-Glebe,R-10,False,11768.0,71.4,False,1974.0,511-Single Family Detached,1541.0,,911300.0,393100.0,2942.0,7355.0,35,5814.0,20.95173351461591,underdeveloped,estimated_from_improvement_value,396201.7688647179,540275.139360979,255.1,200.19,310.01,10
03071036,"4707 38Th Pl N, Arlington VA 22207",Stafford-Albemarle-Glebe,R-10,False,10081.0,59.9,False,1974.0,511-Single Family Detached,1593.0,,891000.0,406300.0,2520.25,6300.625,35,4707.625,25.283206031147703,underdeveloped,estimated_from_improvement_value,366149.6488443607,499294.9756968555,255.1,200.19,310.01,10
03008015,"3900 N Upland St, Arlington VA 22207",Stafford-Albemarle-Glebe,R-10,False,12724.0,87.5,True,1954.0,511-Single Family Detached,1987.0,,922700.0,507000.0,3181.0,7952.5,35,5965.5,24.98585350518705,underdeveloped,estimated_from_improvement_value,380685.54133920156,519116.6472807294,255.1,200.19,310.01,10
03008016,"3866 N Upland St, Arlington VA 22207",Stafford-Albemarle-Glebe,R-10,False,12579.0,86.9,True,1957.0,511-Single Family Detached,2892.0,,921000.0,737800.0,3144.75,7861.875,35,4969.875,36.78511805389936,underdeveloped,estimated_from_improvement_value,320214.9844979728,436656.7970426902,255.1,200.19,310.01,10
03067050,"3870 N Tazewell St, Arlington VA 22207",Stafford-Albemarle-Glebe,R-10,False,10092.0,78.7,False,1965.0,511-Single Family Detached,1722.0,,891100.0,439200.0,2523.0,6307.5,35,4585.5,27.300832342449468,underdeveloped,estimated_from_improvement_value,356302.2556480381,485866.71224732464,255.1,200.19,310.01,10
